model,regime,strength,gap_subj,gap_obj,R,triggered
logistic,measurement,low,0.30422096643985697,0.02142205699088673,0.9295838901520229,True
logistic,measurement,low,0.29791115570555504,0.03164501665251296,0.8937770001342622,True
logistic,measurement,low,0.3268089369423862,0.017239941630185496,0.9472476432514918,True
logistic,measurement,low,0.25713855903120564,0.06674122493209877,0.7404464535246958,True
logistic,measurement,low,0.2967802385008518,0.043811839981470646,0.8523761548181892,True
logistic,measurement,low,0.3299268569073863,0.011410614817242037,0.9654147136604733,True
logistic,measurement,low,0.3214450616666904,0.024530388337585585,0.9236871513583201,True
logistic,measurement,low,0.2897700709762421,0.055720318381975,0.807708511116238,True
logistic,measurement,low,0.3080994814384934,0.012294228705751697,0.9600965615120451,True
logistic,measurement,low,0.3031913409120509,0.020064624184018,0.9338219088854576,True
logistic,measurement,low,0.24656593406593408,0.009046236318963619,0.9633110861269888,True
logistic,measurement,low,0.3234944055531075,0.03197999696086418,0.9011420401345578,True
logistic,measurement,low,0.3121984502168722,0.0020207916183326846,0.9935272208528616,True
logistic,measurement,low,0.3032289017668913,0.037300133481014464,0.876990177177474,True
logistic,measurement,low,0.29111752035340077,0.02426423637313524,0.91665140475338,True
logistic,measurement,low,0.26350260945064696,0.000902184235517578,0.9965761848150253,True
logistic,measurement,low,0.2956668654343073,0.015112764473378282,0.9488858365945774,True
logistic,measurement,low,0.30461619309276644,0.03381770008590257,0.8889825923482542,True
logistic,measurement,low,0.29376741345750157,0.005421034880125908,0.9815465070944291,True
logistic,measurement,low,0.2884343825445269,0.017450044208664917,0.9395008179859727,True
logistic,measurement,low,0.31201619968117644,0.049313182681197554,0.8419531334219613,True
logistic,measurement,low,0.22418053508228475,0.017754075017467508,0.9208045648969884,True
logistic,measurement,low,0.278325398006249,0.020132900054159797,0.927664165044299,True
logistic,measurement,low,0.2879034202541497,0.045949444998620526,0.8403997946323174,True
logistic,measurement,low,0.3244931963343516,0.0037619327974728334,0.9884067436853233,True
logistic,measurement,low,0.363987502864932,0.020848271905922866,0.9427225612367818,True
logistic,measurement,low,0.35469001847702164,0.02748165810711667,0.9225192233344535,True
logistic,measurement,low,0.31517033237231096,0.022661340054159873,0.9280981179808827,True
logistic,measurement,low,0.2860447544318512,0.009243784889566897,0.9676841307300771,True
logistic,measurement,low,0.32162225674932643,0.03356938954765043,0.8956247932374453,True
logistic,measurement,low,0.25794195250659624,0.00043034594146584837,0.9983316171049964,True
logistic,measurement,low,0.26030360576072464,0.034763533085585885,0.86645005172329,True
logistic,measurement,low,0.3120069808027923,0.0037019922402894423,0.9881349057294673,True
logistic,measurement,low,0.25057778419760224,0.0012012283080212738,0.9952061659740993,True
logistic,measurement,low,0.31905727790390415,0.04621848739495804,0.8551404697658129,True
logistic,measurement,low,0.3143341654193089,0.010884961309544638,0.9653713706398267,True
logistic,measurement,low,0.26247724877861855,0.020673218637889734,0.9212380549777625,True
logistic,measurement,low,0.34454793221945723,0.06790797433288098,0.8029070327154728,True
logistic,measurement,low,0.2754038997214485,0.03454668744228995,0.8745599191687864,True
logistic,measurement,low,0.2881030788618619,0.003279419886272672,0.9886171994439356,True
logistic,measurement,low,0.28667198723064646,0.0022557143572107252,0.9921313750289948,True
logistic,measurement,low,0.33132519076972433,0.00989205651107794,0.970143964942427,True
logistic,measurement,low,0.3737711499179389,0.04872777971418607,0.8696320469761131,True
logistic,measurement,low,0.2733080921888217,0.010058977719528128,0.9631954632628345,True
logistic,measurement,low,0.24115951002453573,0.0352973405824587,0.8536348801717688,True
logistic,measurement,low,0.2648868944042495,0.027762021806264525,0.8951929204776121,True
logistic,measurement,low,0.2884505431675244,0.020990876713665396,0.9272288535734375,True
logistic,measurement,low,0.24467470838266403,0.01542704789923699,0.9369487430833695,True
logistic,measurement,low,0.31797685814902454,0.03057341648561407,0.9038501837410904,True
logistic,measurement,low,0.2786060914174793,0.02029608777023506,0.9271513136451053,True
logistic,measurement,low,0.28467589724379383,0.019379621488389454,0.9319239118027863,True
logistic,measurement,low,0.29730247242226393,0.025252525252525193,0.9150611663374982,True
logistic,measurement,low,0.2784899701470802,0.04713898904499425,0.8307336202445692,True
logistic,measurement,low,0.3099834401191942,0.029402012476184125,0.9051497316602509,True
logistic,measurement,low,0.34802328471199984,0.022159890311769015,0.9363264146819744,True
logistic,measurement,low,0.2694708994708995,0.04566716586240682,0.8305302503829789,True
logistic,measurement,low,0.228175050755696,0.016051245400884095,0.9296538103192099,True
logistic,measurement,low,0.28555650596407456,0.009424823339603705,0.9669948919294122,True
logistic,measurement,low,0.30197914449882945,0.0083335838832167,0.9724034456185798,True
logistic,measurement,low,0.275570563684959,0.0077961410929218156,0.9717090933491916,True
logistic,measurement,low,0.27110107284020324,0.006182556876925482,0.9771946425288781,True
logistic,measurement,low,0.2811152034724036,0.028899822218547255,0.8971958049170959,True
logistic,measurement,low,0.30257798991097073,0.04045306865650333,0.866305316297441,True
logistic,measurement,low,0.3213404282636918,0.011018498182771452,0.965710824989224,True
logistic,measurement,low,0.29534250417830554,0.006080483292969507,0.979412095424983,True
logistic,measurement,low,0.3010558946042816,0.004633204633204602,0.9846101514162523,True
logistic,measurement,low,0.25507720553620183,0.019386616022499914,0.923997065979506,True
logistic,measurement,low,0.27342472342472346,0.07239006232686984,0.7352468298398058,True
logistic,measurement,low,0.23703892021817508,0.01861731121575183,0.9214588422921598,True
logistic,measurement,low,0.22913468645175972,0.0016937669376693165,0.9926079854434178,True
logistic,measurement,low,0.31434108249624715,0.010863270777479839,0.9654411358158712,True
logistic,measurement,low,0.23144756478089812,0.03427081393183096,0.8519283883402544,True
logistic,measurement,low,0.32194153204236653,0.02413402054854985,0.9250360138518137,True
logistic,measurement,low,0.24936171578131938,0.040648281738346004,0.8369906879611264,True
logistic,measurement,low,0.2633115939501738,0.004925229798326325,0.9812950515226522,True
logistic,measurement,low,0.33125092964450387,0.002479221927497832,0.9925155774501266,True
logistic,measurement,low,0.25400957737914265,0.0015397295510329867,0.9939383011974594,True
logistic,measurement,low,0.2862493429657609,0.011234624178490527,0.9607523145307819,True
logistic,measurement,low,0.34356135513610186,0.03461223518543144,0.8992545736940646,True
logistic,measurement,low,0.3480845442536328,0.03872037034391118,0.8887615925983273,True
logistic,measurement,low,0.3680391037533895,0.0014686405195248886,0.9960095530487191,True
logistic,measurement,low,0.293928037063943,0.043174342105263164,0.8531125423197694,True
logistic,measurement,low,0.328781143136297,0.01942337432800656,0.940923089010751,True
logistic,measurement,low,0.3111551726545373,0.006651781892886732,0.9786223001335995,True
logistic,measurement,low,0.29539635832349065,0.02331737970336001,0.9210640922058186,True
logistic,measurement,low,0.27731712034037614,0.016450029566157487,0.9406815217684112,True
logistic,measurement,low,0.2757072973927077,0.050809529128994946,0.8157120627219974,True
logistic,measurement,low,0.2643643729316444,0.011451146697048276,0.9566842287784022,True
logistic,measurement,low,0.33996820088931345,0.04627709190672158,0.8638781751185358,True
logistic,measurement,low,0.32070809515028587,0.020476573573918633,0.9361519902878561,True
logistic,measurement,low,0.34941820335714036,0.005361305361305302,0.984656479514247,True
logistic,measurement,low,0.2945534425947064,0.010966061150663897,0.9627705551357186,True
logistic,measurement,low,0.34164450590362727,0.06822403602589355,0.8003069423129008,True
logistic,measurement,low,0.26872925557136085,0.04867688034650974,0.8188627425658773,True
logistic,measurement,low,0.30028354691412584,0.04093276417036207,0.8636862905376967,True
logistic,measurement,low,0.23985172735331017,0.01592599822908891,0.9336006523495687,True
logistic,measurement,low,0.3943794120275221,0.002673796791443861,0.9932202424622073,True
logistic,measurement,low,0.22423137429639262,0.023182761756077475,0.8966123191778055,True
logistic,measurement,low,0.2650296123120356,0.04724374490544325,0.821741636742764,True
logistic,measurement,low,0.3090988299726164,0.0018358248098609975,0.99406071899391,True
logistic,measurement,med,0.5767924071288341,0.031128958760537673,0.946030914457609,True
logistic,measurement,med,0.5605922551252848,0.0019527345423390186,0.9965166580085867,True
logistic,measurement,med,0.5857549857549857,0.053984423892636135,0.9078378755529413,True
logistic,measurement,med,0.5771725032425421,0.029756782151771133,0.948443867328055,True
logistic,measurement,med,0.4930766632894292,0.035629676034938385,0.9277400885346215,True
logistic,measurement,med,0.5898546964193045,0.010794800527808124,0.9816992208533091,True
logistic,measurement,med,0.6014955271048735,0.009158223258817322,0.9847742454496747,True
logistic,measurement,med,0.5502657925878618,0.0162761883307051,0.9704212245246805,True
logistic,measurement,med,0.6547040192710889,0.03552136794012806,0.945744386937359,True
logistic,measurement,med,0.5144796874121178,0.02830229419703112,0.9449885099654869,True
logistic,measurement,med,0.6127560625241878,0.008035444496756972,0.9868863892367613,True
logistic,measurement,med,0.5331245659954063,0.018403716702146022,0.9654795185290624,True
logistic,measurement,med,0.5413980720326453,0.024374025220345485,0.9549794753999867,True
logistic,measurement,med,0.5867706868849166,0.03594045562957471,0.9387487200146661,True
logistic,measurement,med,0.4790971076230316,0.04897850606512022,0.897769146826789,True
logistic,measurement,med,0.6322813521291644,0.004763986013985977,0.9924654016792626,True
logistic,measurement,med,0.5380649463910122,0.015323102726543802,0.9715218342519408,True
logistic,measurement,med,0.6031954317063842,0.029062087186261465,0.9518197823480733,True
logistic,measurement,med,0.652815687852983,0.014004075056530008,0.9785481946633553,True
logistic,measurement,med,0.6290881217351806,0.023313102216190207,0.9629414363255073,True
logistic,measurement,med,0.5572680329138369,0.041144144649163605,0.9261681233821549,True
logistic,measurement,med,0.606600748008641,0.05572233956770267,0.908140008480654,True
logistic,measurement,med,0.5505479969765684,0.02976605637895957,0.9459337668242821,True
logistic,measurement,med,0.5553643966547193,0.022481931958399426,0.9595185933887352,True
logistic,measurement,med,0.5918531928900592,0.03316981767653382,0.9439560045041518,True
logistic,measurement,med,0.5085096343410447,0.007216523302314259,0.9858084826422889,True
logistic,measurement,med,0.5063325081221979,0.04706206531288526,0.9070530440808131,True
logistic,measurement,med,0.6641625709847463,0.020553030978050946,0.9690542167295317,True
logistic,measurement,med,0.5015678168037179,0.01952031232499718,0.9610814097894239,True
logistic,measurement,med,0.5269170548143469,0.04130718954248369,0.921605897616964,True
logistic,measurement,med,0.6362185377933409,0.021484382009970604,0.9662311285608134,True
logistic,measurement,med,0.5757888697647733,0.02240287162162158,0.961091864052923,True
logistic,measurement,med,0.5657695655084689,0.0029840660122351093,0.9947256512294838,True
logistic,measurement,med,0.5951219512195123,0.007370695132799532,0.9876148155555418,True
logistic,measurement,med,0.5928177691309987,0.014341077917844447,0.9758086233837646,True
logistic,measurement,med,0.6284848869294934,0.019530791788856305,0.9689240072513512,True
logistic,measurement,med,0.6784487350199734,0.03776378136590597,0.9443380473473885,True
logistic,measurement,med,0.579097658480868,0.01688733370605988,0.9708385391328296,True
logistic,measurement,med,0.6257331728472899,0.04832049797080429,0.9227777908098906,True
logistic,measurement,med,0.5506692534685427,0.00096299229606156,0.9982512328589332,True
logistic,measurement,med,0.591826011255169,0.04702612562534736,0.920540623880974,True
logistic,measurement,med,0.5935597072080556,0.06273611175158122,0.8943053057852007,True
logistic,measurement,med,0.5919293039047192,0.013729392701141374,0.9768056884317534,True
logistic,measurement,med,0.5534400492535017,0.036030235162374025,0.9348976728175477,True
logistic,measurement,med,0.5776522452183542,0.030868691316638053,0.9465618084718608,True
logistic,measurement,med,0.5822192513368984,0.030442724814452538,0.9477126104220195,True
logistic,measurement,med,0.5985417642466823,0.056206471013773296,0.9060943206118388,True
logistic,measurement,med,0.6282144916394388,0.0002906178859163333,0.9995373906686585,True
logistic,measurement,med,0.601409991417969,0.04172836509285116,0.9306157767773919,True
logistic,measurement,med,0.6143790849673202,0.006837402108958668,0.9888710369928652,True
logistic,measurement,med,0.5156311437041661,0.00355305072286205,0.9931093170646408,True
logistic,measurement,med,0.571474816341631,0.05854103130367727,0.8975614854239157,True
logistic,measurement,med,0.576283956961315,0.01731975824613219,0.9699457914159931,True
logistic,measurement,med,0.5695689712426114,0.06049884001126793,0.8937813626341347,True
logistic,measurement,med,0.6166809929410539,0.009123920324343393,0.9852047972472284,True
logistic,measurement,med,0.5300465176171392,0.03425818783374912,0.9353675824760453,True
logistic,measurement,med,0.5736581178505005,0.019182827302070438,0.966560523236473,True
logistic,measurement,med,0.5738397631779986,0.03758732556343225,0.934498569155841,True
logistic,measurement,med,0.5397074659009332,0.04114898587660609,0.9237568711266276,True
logistic,measurement,med,0.5365672245128952,0.01883848907410368,0.9648907197207105,True
logistic,measurement,med,0.576429027158352,0.038056542732644805,0.9339787884724441,True
logistic,measurement,med,0.59498158918511,0.03195575110889426,0.9462911933919484,True
logistic,measurement,med,0.6454330270119744,0.050255525983681326,0.9221367301014347,True
logistic,measurement,med,0.5768211920529802,0.009199453753598652,0.9840514636418669,True
logistic,measurement,med,0.4880804953560371,0.03501868124264862,0.9282522420464605,True
logistic,measurement,med,0.5404128772382542,0.039611833586668976,0.9267007962706167,True
logistic,measurement,med,0.5892857142857143,0.017383486212855903,0.970500750669093,True
logistic,measurement,med,0.5931760567023643,0.012475926135719906,0.9789675830729292,True
logistic,measurement,med,0.6517722905995974,0.030006101719249112,0.9539622930400354,True
logistic,measurement,med,0.5713832611794865,0.04232520713407795,0.9259250138922385,True
logistic,measurement,med,0.4823527918942754,0.013389682942755554,0.9722408926251423,True
logistic,measurement,med,0.6178518782087125,0.018804226140498148,0.969565155009295,True
logistic,measurement,med,0.6058003469076034,0.0035966629043224785,0.9940629566775883,True
logistic,measurement,med,0.511081362486985,0.04164217127180092,0.9185214442781381,True
logistic,measurement,med,0.6048529783469543,0.004811533724350392,0.9920451185716235,True
logistic,measurement,med,0.5605067715159457,0.004656837115270651,0.9916917379915398,True
logistic,measurement,med,0.5592468005463099,0.0265453751856366,0.9525337021871108,True
logistic,measurement,med,0.5315211427707855,0.026687027341477654,0.9497912214698367,True
logistic,measurement,med,0.5579572629792486,0.014183387134206749,0.9745797965627804,True
logistic,measurement,med,0.5546772068511199,4.518156036259491e-05,0.9999185444078024,True
logistic,measurement,med,0.6275639410774188,0.007597047760982245,0.9878943845181107,True
logistic,measurement,med,0.5664938557907615,0.03064409596454598,0.9459056869703021,True
logistic,measurement,med,0.5982157227932217,0.022803195352214978,0.9618813172516746,True
logistic,measurement,med,0.5538252454634246,0.01648553068529779,0.970233334756159,True
logistic,measurement,med,0.5127098069579139,0.0009123956233804131,0.9982204443702882,True
logistic,measurement,med,0.5594314242847536,0.038796415531284545,0.9306502748198554,True
logistic,measurement,med,0.5347240949775911,0.06149732620320858,0.884992416124832,True
logistic,measurement,med,0.5865039248723274,0.008258301313299299,0.9859194440768713,True
logistic,measurement,med,0.5349105670029932,0.030506168234627706,0.942969591336458,True
logistic,measurement,med,0.6448045308453607,0.01133972677260009,0.9824136986789883,True
logistic,measurement,med,0.5664043630697312,0.0007586625468990471,0.9986605637308524,True
logistic,measurement,med,0.5765624951057011,0.0114613130840312,0.9801212996313088,True
logistic,measurement,med,0.6316699604743083,0.04465772379733979,0.9293021251733941,True
logistic,measurement,med,0.5810871183916604,0.06060687471343418,0.8957008806507661,True
logistic,measurement,med,0.6095514014393784,0.04356756756756763,0.9285251949799667,True
logistic,measurement,med,0.5343112026076514,0.04097416744475568,0.923314040123461,True
logistic,measurement,med,0.585635241086116,0.015096272529692811,0.9742223973719626,True
logistic,measurement,med,0.5597148964697252,0.08306069413819772,0.8516017803669614,True
logistic,measurement,med,0.622700316141731,0.05012121212121212,0.9195098977438062,True
logistic,measurement,med,0.5886169818316649,0.006362651433074018,0.9891905065102359,True
logistic,measurement,high,0.7711391076115486,0.002403484225872443,0.9968832027812508,True
logistic,measurement,high,0.8377015526279075,0.020856621756780602,0.9751025628502747,True
logistic,measurement,high,0.8404769106674733,0.002569781046297903,0.9969424727631636,True
logistic,measurement,high,0.733375103540556,0.011786326880666498,0.9839286514857608,True
logistic,measurement,high,0.8018779840848806,0.02035781464948483,0.9746123287413638,True
logistic,measurement,high,0.7957400757538492,0.013595610865783536,0.982914507789615,True
logistic,measurement,high,0.8043777286047484,0.014064198407240602,0.9825154303667308,True
logistic,measurement,high,0.8141721441637018,0.011703381056089146,0.9856254219209248,True
logistic,measurement,high,0.8016638533879913,0.006283130928109282,0.9921623871382557,True
logistic,measurement,high,0.8064861012116893,0.009422102734525706,0.9883170922346093,True
logistic,measurement,high,0.8014689655834125,0.028945829946813828,0.9638840289645609,True
logistic,measurement,high,0.8538918256933355,0.0166471115035991,0.9805044257332219,True
logistic,measurement,high,0.8276936984678689,0.024759015511082838,0.970086741560418,True
logistic,measurement,high,0.7919195188391726,0.03328185711097964,0.9579731824772225,True
logistic,measurement,high,0.837908496732026,0.008780332056194218,0.9895211325694406,True
logistic,measurement,high,0.7589690957915871,0.009358793387831521,0.9876690718505863,True
logistic,measurement,high,0.7755352217503612,0.016962018689631764,0.978128628830875,True
logistic,measurement,high,0.7725275357869287,0.012630277336159623,0.9836507091966711,True
logistic,measurement,high,0.7938155672547434,0.027673676051229945,0.9651384059562677,True
logistic,measurement,high,0.7779252495221916,0.018022892893583276,0.9768321019215496,True
logistic,measurement,high,0.8100620045522329,0.013680363139091156,0.9831119555512876,True
logistic,measurement,high,0.8071707427910435,0.002957744490406755,0.9963356643971268,True
logistic,measurement,high,0.7527908788023019,0.013873970640887912,0.9815699538456663,True
logistic,measurement,high,0.7933621865738345,0.02690688855241774,0.9660849874020134,True
logistic,measurement,high,0.7981108036549678,0.014979407234994468,0.9812314190380635,True
logistic,measurement,high,0.7430730607382259,0.05488266531911312,0.9261409567659626,True
logistic,measurement,high,0.7671299473804621,0.0031480994016832575,0.995896263191871,True
logistic,measurement,high,0.7848029604263898,0.0035471011080766557,0.9954802653826006,True
logistic,measurement,high,0.8515093428542164,0.02217218084184991,0.9739613181840966,True
logistic,measurement,high,0.9028553558971398,0.027703751888534467,0.9693154039486136,True
logistic,measurement,high,0.8313670808069731,0.012528917331550482,0.9849297408800585,True
logistic,measurement,high,0.7961170244077338,0.008663430368748837,0.9891178933459011,True
logistic,measurement,high,0.8433862153127819,0.017731762259573736,0.9789755133085764,True
logistic,measurement,high,0.7769340127949701,0.017925078772318748,0.9769284411840403,True
logistic,measurement,high,0.7983774038461539,0.04308816078365141,0.9460303353074927,True
logistic,measurement,high,0.8266125760649087,0.00047158251208656576,0.9994294999547049,True
logistic,measurement,high,0.8077179829516278,0.008962330205853575,0.9889041343698914,True
logistic,measurement,high,0.8700961861033363,0.041039101211794105,0.9528338339286547,True
logistic,measurement,high,0.7770375716905309,0.01912001042435829,0.9753937118088633,True
logistic,measurement,high,0.8226949620784918,0.004791553822102057,0.9941757831967313,True
logistic,measurement,high,0.791,0.011010126411906573,0.9860807504274253,True
logistic,measurement,high,0.8072817270992366,0.02196241955354905,0.972794603400147,True
logistic,measurement,high,0.75110541209763,0.036656329961194944,0.9511968235472782,True
logistic,measurement,high,0.7897810373699049,0.010158502464173602,0.9871375710690611,True
logistic,measurement,high,0.82776789234228,0.002578707093328747,0.9968847461743993,True
logistic,measurement,high,0.7852662570404506,0.048634601105519315,0.9380661009314016,True
logistic,measurement,high,0.8217170692104728,0.03626545280821081,0.9558662535231797,True
logistic,measurement,high,0.8131237934858504,0.0067799224550751935,0.9916618816109048,True
logistic,measurement,high,0.8048574748133883,0.0577979036360996,0.928188647748472,True
logistic,measurement,high,0.8081853463483476,0.00021017701005254796,0.9997399395930622,True
logistic,measurement,high,0.8075667107001321,0.018737627181069083,0.9767974249894177,True
logistic,measurement,high,0.8264995974235105,0.023067422260970694,0.9720902196046073,True
logistic,measurement,high,0.7651222651222651,0.019913724987720816,0.9739731466518771,True
logistic,measurement,high,0.7836268607620053,0.01937924806977509,0.9752698011768886,True
logistic,measurement,high,0.84765625,0.033637586821338994,0.9603169482660702,True
logistic,measurement,high,0.80052981241918,0.016551796248050366,0.9793239477265296,True
logistic,measurement,high,0.8614561766735679,0.03976565334623405,0.9538390292820403,True
logistic,measurement,high,0.8605534481081606,0.0034094454786721684,0.9960380781854196,True
logistic,measurement,high,0.7522697795071336,0.018924062182288925,0.9748440483749228,True
logistic,measurement,high,0.8228099529861012,0.007393193746825455,0.9910147006365267,True
logistic,measurement,high,0.8034564769303948,0.0752665460755535,0.906321564096279,True
logistic,measurement,high,0.7978567639257295,0.05002300134428095,0.9373032809822271,True
logistic,measurement,high,0.8252355142599045,0.024094640270400758,0.9708027104335063,True
logistic,measurement,high,0.8553946932693104,0.029859114433582468,0.9650931731649384,True
logistic,measurement,high,0.8500589406149149,0.0013864194395055707,0.9983690314009254,True
logistic,measurement,high,0.7966434025956132,0.017991282083835936,0.9774161412430995,True
logistic,measurement,high,0.816588080698771,0.007124860022396429,0.9912748420032049,True
logistic,measurement,high,0.7821699893426675,0.038239692373424394,0.9511107650581674,True
logistic,measurement,high,0.7784179167996595,0.02119220684390455,0.9727752838333514,True
logistic,measurement,high,0.7777987718469532,0.0654702036711089,0.9158262958995885,True
logistic,measurement,high,0.7727859237536657,0.06610810810810819,0.9144548236761351,True
logistic,measurement,high,0.8089076586695421,0.0006076388888889284,0.9992488155077078,True
logistic,measurement,high,0.7931030843513364,0.02818676311442725,0.9644601519391636,True
logistic,measurement,high,0.8349927452844349,0.010116746935437959,0.987884030139697,True
logistic,measurement,high,0.8376116520479602,0.03333023732615059,0.960208006604662,True
logistic,measurement,high,0.7650606884461677,0.010742104817543008,0.9859591467974127,True
logistic,measurement,high,0.8032442204340693,0.03284857662550156,0.959105119227935,True
logistic,measurement,high,0.7495004541326068,0.007128278220176143,0.990489294328146,True
logistic,measurement,high,0.8184408209941048,0.011323512361705923,0.9861645312999515,True
logistic,measurement,high,0.8469390242119066,0.030164175447194297,0.9643844780026961,True
logistic,measurement,high,0.8109644150606459,0.024385035210964467,0.9699308197029325,True
logistic,measurement,high,0.8195165137840297,0.006033949484676615,0.9926371837745948,True
logistic,measurement,high,0.7846697280113034,0.08924731182795698,0.8862613037791724,True
logistic,measurement,high,0.7646297846434822,0.0017146335101295707,0.9977575637981078,True
logistic,measurement,high,0.8054042973677571,0.02332545368061467,0.971038826392102,True
logistic,measurement,high,0.8370925684485006,0.029761544068380608,0.964446531733591,True
logistic,measurement,high,0.80487508741938,0.02893626253648085,0.9640487536652956,True
logistic,measurement,high,0.8251862582781457,0.036733004642458766,0.9554851958888569,True
logistic,measurement,high,0.8446580011909895,0.002173990456520225,0.9974261885242846,True
logistic,measurement,high,0.7793621013133208,0.02295465170640476,0.9705468720281325,True
logistic,measurement,high,0.8507667044647185,0.019815059445178362,0.9767091738061782,True
logistic,measurement,high,0.7852441675971088,0.04448866625494641,0.9433441621208289,True
logistic,measurement,high,0.8218111694704524,0.02846370719434932,0.9653646625261976,True
logistic,measurement,high,0.8186182647166786,0.026603872355175695,0.967501491840787,True
logistic,measurement,high,0.783765815445667,0.02178504764711664,0.9722046468246014,True
logistic,measurement,high,0.7898661763203596,0.02744588174626683,0.9652524914104752,True
logistic,measurement,high,0.783878387336534,0.020767193447108534,0.9735071233209128,True
logistic,measurement,high,0.8008515150367601,0.024275188637372436,0.9696882778123256,True
logistic,measurement,high,0.814357895332764,0.008473478085584296,0.9895948966245095,True
logistic,measurement,high,0.8298397921738554,0.039893617021276584,0.951926121888213,True
logistic,symmetric,low,0.0054964505971567545,0.029490824274963634,,False
logistic,symmetric,low,0.0738699210972642,0.0057696014016644925,0.9218951189338935,True
logistic,symmetric,low,0.025347864914389562,0.02007209258205267,0.20813478177177455,True
logistic,symmetric,low,0.037276277554646575,0.022830341777456797,0.3875369732402118,True
logistic,symmetric,low,0.03777864984637769,0.0202519762052219,0.4639306516359342,True
logistic,symmetric,low,0.12227425119835966,0.03819497440024422,0.6876286378701078,True
logistic,symmetric,low,0.09927790863806618,0.03457700126522889,0.6517150518220021,True
logistic,symmetric,low,0.04455686787468416,0.023210266304188987,0.47908667257609583,True
logistic,symmetric,low,0.08340084450336327,0.061361860478154395,0.26425372736267816,True
logistic,symmetric,low,0.0859998992164076,0.053895833333333365,0.37330352913889486,True
logistic,symmetric,low,0.00936768149882905,0.04469912833541545,,False
logistic,symmetric,low,0.0183810709838107,0.02591804403242859,,False
logistic,symmetric,low,0.0776828822590262,0.03660441295927652,0.528796925463932,True
logistic,symmetric,low,0.049730844694873544,0.02849139655862354,0.4270880228672137,True
logistic,symmetric,low,0.02485058800848272,0.024681428294955565,0.006807070861639716,True
logistic,symmetric,low,0.007749408597764962,0.059920106524633865,,False
logistic,symmetric,low,0.007193101883367414,0.03320731783610842,,False
logistic,symmetric,low,0.08894801590707524,0.06360193426908589,0.284953873107958,True
logistic,symmetric,low,0.02216967008255577,0.014242624754015276,0.3575626204188712,True
logistic,symmetric,low,0.02821300563236051,0.025299600532623145,0.10326461270030973,True
logistic,symmetric,low,0.006441277353824937,0.01325225048497125,,False
logistic,symmetric,low,0.013184559114274408,0.001052923641692849,,False
logistic,symmetric,low,0.004246514292990389,0.02525971849865949,,False
logistic,symmetric,low,0.0351501780073209,0.028127626055027277,0.199787094985152,True
logistic,symmetric,low,0.09018782383419688,0.0011719630380887525,0.9870053074986784,True
logistic,symmetric,low,0.012139624752122935,0.02931566723886736,,False
logistic,symmetric,low,0.05441874807277214,0.02075119890464494,0.6186755550330716,True
logistic,symmetric,low,0.014026594157243832,0.018391154073312932,,False
logistic,symmetric,low,0.01139799211644199,0.0028854036713598097,,False
logistic,symmetric,low,0.045931843668616024,0.030425888952854585,0.3375861597812638,True
logistic,symmetric,low,0.0964912280701754,0.07205402986982556,0.2532582358945348,True
logistic,symmetric,low,0.04812044995101139,0.014697802197802257,0.6945622451002593,True
logistic,symmetric,low,0.05050166809291712,0.003676706927708717,0.9271963270412373,True
logistic,symmetric,low,0.01550821300376548,0.005404768619499345,,False
logistic,symmetric,low,0.010211550770543698,0.029499190408866394,,False
logistic,symmetric,low,0.04122824511324297,0.00431018224835833,0.8954555975758994,True
logistic,symmetric,low,0.0169220945083014,0.034588507014342684,,False
logistic,symmetric,low,0.011541811846689898,0.032939193693765745,,False
logistic,symmetric,low,0.03953265044814336,0.03558626271970389,0.09982603452344067,True
logistic,symmetric,low,0.08686302010285174,0.030829186572302714,0.6450827229378066,True
logistic,symmetric,low,0.029192812142399105,0.0006362058993637509,0.9782067621214287,True
logistic,symmetric,low,0.06714677310762718,0.00846474953617804,0.873936614606778,True
logistic,symmetric,low,0.0319275601279273,0.013981443156732887,0.5620885811282772,True
logistic,symmetric,low,0.029074481640217753,0.012940146559089372,0.5549311344835912,True
logistic,symmetric,low,0.003625860373647982,0.006867593017712559,,False
logistic,symmetric,low,0.030373266431491408,0.017665538864718888,0.4183852795495508,True
logistic,symmetric,low,0.02434634022265847,0.0018407050630970812,0.9243949995661366,True
logistic,symmetric,low,0.005155803101008605,0.003818889821003979,,False
logistic,symmetric,low,0.09333722453769155,0.026927877360486296,0.7114990563104622,True
logistic,symmetric,low,0.00015804579534972607,0.009945744056250705,,False
logistic,symmetric,low,0.048874553668304066,0.00885376930063575,0.8188470556534706,True
logistic,symmetric,low,0.04823074247956871,0.01861004076618078,0.6141456712165632,True
logistic,symmetric,low,0.0006464570388502455,0.017563970160175413,,False
logistic,symmetric,low,0.010770381451009725,0.015257548406241495,,False
logistic,symmetric,low,0.09158134243458471,0.009005241440838585,0.9016694754472407,True
logistic,symmetric,low,0.0726318757742721,0.009345794392523366,0.8713265450892587,True
logistic,symmetric,low,0.05873318620121315,0.003921499292786401,0.93323196736932,True
logistic,symmetric,low,0.0017953321364452268,0.0005448145082346256,,False
logistic,symmetric,low,0.029259896729776247,0.015109624825931922,0.48360635153726783,True
logistic,symmetric,low,0.045547945205479445,0.02403088042049928,0.47240473061760974,True
logistic,symmetric,low,0.011174911660777331,0.022906505804169863,,False
logistic,symmetric,low,0.05457935355696497,0.060216423551810117,-0.103282095288316,True
logistic,symmetric,low,0.0243442075227307,0.028080886504799563,-0.15349355605763088,True
logistic,symmetric,low,0.037736688836044086,0.012315212620452098,0.6736541281096909,True
logistic,symmetric,low,0.10207041904289615,0.05185199826776654,0.49199779177966146,True
logistic,symmetric,low,0.11754740938466746,0.04661129712571199,0.603468103893476,True
logistic,symmetric,low,0.0490340607987666,0.0019375095454754465,0.960486455457424,True
logistic,symmetric,low,0.009654642393966961,0.0295945572408135,,False
logistic,symmetric,low,0.028123167546244443,0.042609381588704864,-0.5150989488876015,True
logistic,symmetric,low,0.0866166432443285,0.0027842555296444527,0.9678554210212162,True
logistic,symmetric,low,0.001970708111255437,0.0019605342854409624,,False
logistic,symmetric,low,0.04707163911316159,0.03221476510067112,0.31562261889317506,True
logistic,symmetric,low,0.08294520547945206,0.02168131483689484,0.7386067740556032,True
logistic,symmetric,low,0.0016439064635692668,0.0280558813672922,,False
logistic,symmetric,low,0.009642401021711322,0.018676460101262227,,False
logistic,symmetric,low,0.018678940508042197,0.025940672622547734,,False
logistic,symmetric,low,0.07164964854936218,0.027892516100377462,0.6107096592223862,True
logistic,symmetric,low,0.07850954371043817,0.011098346388163649,0.8586369775743827,True
logistic,symmetric,low,0.09018387002626715,0.019818461188254033,0.7802438375900074,True
logistic,symmetric,low,0.09080841638981174,0.016786795048143066,0.815140537457644,True
logistic,symmetric,low,0.05155195681511482,0.05876736111111114,-0.13996373254799113,True
logistic,symmetric,low,0.04112720826456384,0.00477701082563653,0.8838479190003151,True
logistic,symmetric,low,0.013191992760002158,0.018708306806543673,,False
logistic,symmetric,low,0.010041809765566678,0.020448067174972273,,False
logistic,symmetric,low,0.009958621044706017,0.0004610419548178868,,False
logistic,symmetric,low,0.003185661641112003,0.00589305616385194,,False
logistic,symmetric,low,0.03606396650635291,0.011228075288580053,0.6886622194870841,True
logistic,symmetric,low,0.030354997480913082,0.04026256967433439,-0.3263901504077242,True
logistic,symmetric,low,0.0277659725173538,0.02775443097702668,0.0004156721080058223,True
logistic,symmetric,low,0.04696638913042117,0.01579530077500302,0.663689266570164,True
logistic,symmetric,low,0.052781104371143694,0.009601968771691172,0.8180794266036479,True
logistic,symmetric,low,0.025479678151433816,0.007647968257089022,0.6998404684849346,True
logistic,symmetric,low,0.0019549095854316523,0.029986962190352018,,False
logistic,symmetric,low,0.04883760706250739,0.0037344738159151847,0.9235328256125362,True
logistic,symmetric,low,0.07145055790688726,0.015878983801257962,0.777762633820843,True
logistic,symmetric,low,0.03483360374530908,0.06751256587269527,-0.938144739956369,True
logistic,symmetric,low,0.02430444719672109,0.014805968195798713,0.3908123860642186,True
logistic,symmetric,low,0.09878900791802514,0.03774569182751397,0.6179160756545379,True
logistic,symmetric,low,0.044993075134787563,0.00899301674050157,0.8001244255130189,True
logistic,symmetric,low,0.034870231645460215,0.016916167404781413,0.5148822761840258,True
logistic,symmetric,med,0.039601788576731634,0.042365441959063,-0.06978607486317358,True
logistic,symmetric,med,0.08203624332656595,0.001296797474064082,0.9841923834944287,True
logistic,symmetric,med,0.0720805462653289,0.04652499056636139,0.35454164851772013,True
logistic,symmetric,med,0.01854525984456379,0.058441240716470055,,False
logistic,symmetric,med,0.0450174825174825,0.036840509399636234,0.18163994654011903,True
logistic,symmetric,med,0.029500221141088023,0.014581040176114501,0.5057311568486526,True
logistic,symmetric,med,0.04770533802168836,0.012293479323492118,0.7423039049025685,True
logistic,symmetric,med,0.023753780665397073,0.01026781789086817,0.5677396354077798,True
logistic,symmetric,med,0.08454288192067183,0.037978187256008544,0.550781965397818,True
logistic,symmetric,med,0.04166971136280595,0.015552523874488466,0.6267667001799652,True
logistic,symmetric,med,0.0100236966824645,0.0008234659397450272,,False
logistic,symmetric,med,0.06522705732305206,0.031524114755656085,0.5167018711341579,True
logistic,symmetric,med,0.08218801539307308,0.025226982550716426,0.6930576504364334,True
logistic,symmetric,med,0.0318762255488067,0.024959689240691918,0.21698103175749764,True
logistic,symmetric,med,0.012364422667724861,0.0035428639344491364,,False
logistic,symmetric,med,0.036755559978108365,0.08085094928758574,-1.1996930351691177,True
logistic,symmetric,med,0.03217821782178215,0.00275339687326126,0.9144328971694192,True
logistic,symmetric,med,0.09401745795188415,0.019039665372146186,0.7974879794996136,True
logistic,symmetric,med,0.007543191323291287,0.012669851687587053,,False
logistic,symmetric,med,0.018655329151725242,0.006952920662598117,,False
logistic,symmetric,med,0.07553493644837939,0.011149606299212578,0.8523913989544133,True
logistic,symmetric,med,0.05696202531645572,0.01888042038520832,0.6685437310152319,True
logistic,symmetric,med,0.11156256982583229,0.056845238095238115,0.49046317072130036,True
logistic,symmetric,med,0.1017656500802569,0.03997913471237691,0.6071450958074007,True
logistic,symmetric,med,0.0901315789473684,0.01100122414792859,0.8779426225923251,True
logistic,symmetric,med,0.16527221729436864,0.0423362478497642,0.7438392940880165,True
logistic,symmetric,med,0.0777519893899204,0.01039824291803182,0.8662639631523071,True
logistic,symmetric,med,0.049209778550125705,0.00865760678030203,0.8240673493077543,True
logistic,symmetric,med,0.13322383640233187,0.010038610038610063,0.9246485440616364,True
logistic,symmetric,med,0.008106046156780455,0.020074880406643736,,False
logistic,symmetric,med,0.015552178318135823,0.03692915066154512,,False
logistic,symmetric,med,0.046334310850439875,0.003448468659876802,0.9255741890494943,True
logistic,symmetric,med,0.02404195011337862,0.031985871271585586,-0.33041916819328293,True
logistic,symmetric,med,0.05395092061758727,0.022846226502190814,0.5765368553369365,True
logistic,symmetric,med,0.07226956163126375,0.05024539132545991,0.3047502960952817,True
logistic,symmetric,med,0.12113915548117538,0.03952666902154711,0.6737085638038031,True
logistic,symmetric,med,0.0017804189290367423,0.009248496850201682,,False
logistic,symmetric,med,0.024841186543666738,0.023447479485371514,0.05610468951816432,True
logistic,symmetric,med,0.011657849150241095,0.014428733470011723,,False
logistic,symmetric,med,0.043797953964194336,0.025393201420598754,0.42021945953552575,True
logistic,symmetric,med,0.07152165890113943,0.01770874817469803,0.7524002037036657,True
logistic,symmetric,med,0.02218949435444284,0.009788375043247588,0.5588734521439092,True
logistic,symmetric,med,0.055698334476950884,0.03835978835978837,0.3112937986384056,True
logistic,symmetric,med,0.030990446424993823,0.03264315434911824,-0.053329593948395294,True
logistic,symmetric,med,0.01563891743747864,0.024901875573398513,,False
logistic,symmetric,med,0.047532830925144376,0.0034844782333242064,0.9266932314885341,True
logistic,symmetric,med,0.03579107839679635,0.01579225310861543,0.5587656528944099,True
logistic,symmetric,med,0.037189677731729376,0.022815609452736307,0.3865069329904261,True
logistic,symmetric,med,0.04136927527563222,0.0185786533671074,0.5509069655360678,True
logistic,symmetric,med,0.0158898366094003,0.01912220762155059,,False
logistic,symmetric,med,0.04534526629814861,0.02184801625373889,0.5181852917107929,True
logistic,symmetric,med,0.05928054556483481,0.014865616046357388,0.749232806400222,True
logistic,symmetric,med,0.004109131741070082,0.00791165826839657,,False
logistic,symmetric,med,0.021287045822403317,0.017194094277112493,0.1922742864105287,True
logistic,symmetric,med,0.047560113154172634,0.01253615215073356,0.7364145852619,True
logistic,symmetric,med,0.039534883720930225,0.013210039630118908,0.6658637034734628,True
logistic,symmetric,med,0.051860761284845014,0.029163895427320563,0.4376500709826069,True
logistic,symmetric,med,0.0817355119903862,0.030836100766393315,0.6227331301231674,True
logistic,symmetric,med,0.0776284846551093,0.027415883085986192,0.6468321749704314,True
logistic,symmetric,med,0.060695468914647,0.046380072820464746,0.23585609189894025,True
logistic,symmetric,med,0.13549350091184703,0.02443149619009022,0.8196851064761732,True
logistic,symmetric,med,0.011413396615532423,0.03570406922691838,,False
logistic,symmetric,med,0.05786204642039883,0.008373218250966485,0.8552899738434663,True
logistic,symmetric,med,0.019794636441601232,0.024231584102547665,,False
logistic,symmetric,med,0.05101128379816905,0.009239354656591314,0.8188762570032997,True
logistic,symmetric,med,0.10284008947187073,0.04628640987740196,0.5499186152491397,True
logistic,symmetric,med,0.037394797806515945,0.017065842984394175,0.5436305586489761,True
logistic,symmetric,med,0.057285391566265054,0.02438107085771324,0.5743928741499417,True
logistic,symmetric,med,0.04104127579737338,0.04242157719971207,-0.03363202959755528,True
logistic,symmetric,med,0.011984963597866827,0.05411289642375161,,False
logistic,symmetric,med,0.0008118888771224131,0.016345848257616757,,False
logistic,symmetric,med,0.013803591273322757,0.03469940359583823,,False
logistic,symmetric,med,0.044426180598166054,0.03310607676766231,0.254807045712389,True
logistic,symmetric,med,0.06505446245413304,0.015576389070239172,0.7605638647583726,True
logistic,symmetric,med,0.0036820330969266624,0.029082437024839702,,False
logistic,symmetric,med,0.10901643648584786,0.005169872319819913,0.9525771297753707,True
logistic,symmetric,med,0.011987179487179478,0.029955893163440273,,False
logistic,symmetric,med,0.10141085549964057,0.012360022396416537,0.8781193360856684,True
logistic,symmetric,med,0.011838261391869331,0.027201580688114735,,False
logistic,symmetric,med,0.018312783688637924,0.02591550584414104,,False
logistic,symmetric,med,0.009509993552546725,0.003035913949639979,,False
logistic,symmetric,med,0.050635892604804555,0.003683850775263453,0.92724823073596,True
logistic,symmetric,med,0.11494034018786498,0.046238827977178376,0.597714536936266,True
logistic,symmetric,med,0.08263604362629112,0.014306652611514648,0.8268715201781163,True
logistic,symmetric,med,0.010389305816135064,0.04017488699345706,,False
logistic,symmetric,med,0.00400481782595602,0.007215619694397324,,False
logistic,symmetric,med,0.026533811016569653,0.023569313593539754,0.11172527840718584,True
logistic,symmetric,med,0.07620636907245165,0.018113321697043827,0.7623122329864194,True
logistic,symmetric,med,0.02027914614121512,0.02977041283803239,-0.46803088407787147,True
logistic,symmetric,med,0.016915098533116013,0.01875404330291397,,False
logistic,symmetric,med,0.08057190416740984,0.059064404633123124,0.26693547529420536,True
logistic,symmetric,med,0.026066350710900466,0.03750452890736877,-0.4388101089917843,True
logistic,symmetric,med,0.03439111192225214,0.006276755652829036,0.8174890167256332,True
logistic,symmetric,med,0.13056912788317182,0.05025776796691628,0.6150868985516624,True
logistic,symmetric,med,0.03654126712969308,0.04860052702798945,-0.33001756221248096,True
logistic,symmetric,med,0.02384432560903149,0.039020231322355214,-0.6364577452161432,True
logistic,symmetric,med,0.0030359108337264518,0.06271207359456799,,False
logistic,symmetric,med,0.08247886310487496,0.011856953605637544,0.8562425188795221,True
logistic,symmetric,med,0.038255709807433924,0.010953058321479414,0.7136882735514949,True
logistic,symmetric,med,0.02644230769230771,0.03735408560311293,-0.4126636009904517,True
logistic,symmetric,high,0.035106204284819864,0.008697626243278078,0.7522481732085464,True
logistic,symmetric,high,0.022207810923764226,0.01721926996205747,0.22463001773707453,True
logistic,symmetric,high,0.009704186395387004,0.008555995381824166,,False
logistic,symmetric,high,0.010803200948429126,0.010190141630422755,,False
logistic,symmetric,high,0.15112423808075984,0.0175121185225644,0.8841210467297375,True
logistic,symmetric,high,0.009777578743095983,0.03571618389582787,,False
logistic,symmetric,high,0.023421387943830696,0.0491985673817984,-1.1005829159137228,True
logistic,symmetric,high,0.002191996402877705,0.000742510330578483,,False
logistic,symmetric,high,0.050582563278425086,0.018699398415422785,0.6303192799365583,True
logistic,symmetric,high,0.18066277806370448,0.02727555141348248,0.8490250636804406,True
logistic,symmetric,high,0.025016913478162817,0.0050710954710612155,0.7972933201576702,True
logistic,symmetric,high,0.040261137814764314,0.027373698687371606,0.320096247321324,True
logistic,symmetric,high,0.033381873656473215,0.0032120141717959516,0.9037796917917129,True
logistic,symmetric,high,0.07539309025259616,0.038449439487531434,0.4900137484919259,True
logistic,symmetric,high,0.06355983527131781,0.02881735295085741,0.5466106413296258,True
logistic,symmetric,high,0.019205882352941184,0.030777415236203698,,False
logistic,symmetric,high,0.08632377960999871,0.02352798496149411,0.7274449164785075,True
logistic,symmetric,high,0.040761621723992225,0.03344056799389161,0.1796065372392054,True
logistic,symmetric,high,0.0818498231199361,0.005616890780313022,0.9313756515749279,True
logistic,symmetric,high,0.10125053671103479,0.0399987618079668,0.6049525947489863,True
logistic,symmetric,high,0.1559244503467611,0.01912897058565599,0.8773189801656188,True
logistic,symmetric,high,0.08805298979095771,0.043180724998906794,0.5096052376935748,True
logistic,symmetric,high,0.03131533566316175,0.014350571043484472,0.541739830035864,True
logistic,symmetric,high,0.12351421926056994,0.034320825104235286,0.7221305748463595,True
logistic,symmetric,high,0.04539130434782612,0.023192047212061806,0.4890640939871445,True
logistic,symmetric,high,0.022388059701492546,0.014340448823207397,0.3594599525634032,True
logistic,symmetric,high,0.10399131984809734,0.0465654151568885,0.5522182502836993,True
logistic,symmetric,high,0.012910798122065692,0.009086643430623376,,False
logistic,symmetric,high,0.07284401978555405,0.004505248173870324,0.9381521202820307,True
logistic,symmetric,high,0.06770025839793287,0.05744814235620743,0.1514339277918985,True
logistic,symmetric,high,0.010144589552238792,0.06964917621429867,,False
logistic,symmetric,high,0.14741554741554747,0.00687855787476277,0.9533389931024514,True
logistic,symmetric,high,0.02067997043606795,0.01534441481247506,0.258005959925704,True
logistic,symmetric,high,0.033136584860722795,0.031159750721994284,0.05965714774281636,True
logistic,symmetric,high,0.007959587480513286,0.010290294041863879,,False
logistic,symmetric,high,0.21606877169780128,0.03491182239641777,0.8384226368202516,True
logistic,symmetric,high,0.11519652790512869,0.026104892857269024,0.7733881972660844,True
logistic,symmetric,high,0.051177973318194736,0.011396055730187982,0.7773249898089171,True
logistic,symmetric,high,0.05813228879195226,0.008038949275362306,0.8617128373504673,True
logistic,symmetric,high,0.05727046585255541,0.01746880570409981,0.6949770628883343,True
logistic,symmetric,high,0.09340659340659341,0.001623879576509335,0.9826149362985471,True
logistic,symmetric,high,0.08622004357298474,0.021399050711114587,0.751808862251381,True
logistic,symmetric,high,0.0226013414989793,0.0012525661455417003,0.9445800088637099,True
logistic,symmetric,high,0.18892682702760638,0.014051964659381522,0.9256221846285059,True
logistic,symmetric,high,0.07983682983682988,0.030918560775088144,0.6127281000726188,True
logistic,symmetric,high,0.03717482517482518,0.011391492429704386,0.6935697107886142,True
logistic,symmetric,high,0.03844665561083471,0.05313703689679983,-0.3820977677399122,True
logistic,symmetric,high,0.0823928062865883,0.03318713450292399,0.5972083486574227,True
logistic,symmetric,high,0.017249816491313907,0.01706151532283018,,False
logistic,symmetric,high,0.047619047619047616,0.026911887679453628,0.43485035873147376,True
logistic,symmetric,high,0.16081081081081083,0.004089330363619248,0.9745705506800147,True
logistic,symmetric,high,0.011537440254912379,0.028984745055553818,,False
logistic,symmetric,high,0.012840028188865371,0.010839639995555483,,False
logistic,symmetric,high,0.13951573778685994,0.0418187781643945,0.700257628080055,True
logistic,symmetric,high,0.0678894464922799,0.032570956186277256,0.5202353551375458,True
logistic,symmetric,high,0.037913043478260855,0.00786658444378907,0.7925098139826277,True
logistic,symmetric,high,0.057670026648128814,0.012289766324339202,0.7868950815763501,True
logistic,symmetric,high,0.07622767857142859,0.016624113676933838,0.7819149948091842,True
logistic,symmetric,high,0.057597351587925005,0.030303671308023472,0.47387040423614746,True
logistic,symmetric,high,0.059802072227234215,0.012239986962506721,0.7953250362964419,True
logistic,symmetric,high,0.0952020338616325,0.005129179331306966,0.9461232168762091,True
logistic,symmetric,high,0.03662092624356772,0.04929209621993125,-0.3460089974810278,True
logistic,symmetric,high,0.07281621243885394,0.02416163336260191,0.6681833268533269,True
logistic,symmetric,high,0.020966992096699222,0.014704271031928617,0.2986943017809659,True
logistic,symmetric,high,0.07443498198493287,0.02604370728309613,0.6501146827929924,True
logistic,symmetric,high,0.007704622773664183,0.006114081996434928,,False
logistic,symmetric,high,0.01426116838487973,0.03272188252732999,,False
logistic,symmetric,high,0.013667899748926626,0.022699485651648366,,False
logistic,symmetric,high,0.18059299191374667,0.029198871304134455,0.8383166977039719,True
logistic,symmetric,high,0.14848652639350315,0.03195087476382097,0.784823070888276,True
logistic,symmetric,high,0.05952380952380948,0.008182511615005938,0.8625338048679001,True
logistic,symmetric,high,0.014982340207360167,0.03343326014749759,,False
logistic,symmetric,high,0.13696318337256294,0.037674801400177316,0.7249275281686794,True
logistic,symmetric,high,0.16575108344015138,0.012456407178131235,0.9248487133863657,True
logistic,symmetric,high,0.0396104868913858,0.013015381328775888,0.6714157701604426,True
logistic,symmetric,high,0.10902524778465406,0.062456823575312126,0.42713431205699776,True
logistic,symmetric,high,0.06529004882585443,0.028865732423044688,0.5578846555922004,True
logistic,symmetric,high,0.08765182186234816,0.0034976431212434544,0.9600961731664142,True
logistic,symmetric,high,0.013014410934482246,0.05025180320610967,,False
logistic,symmetric,high,0.027332109208031086,0.006739419147306913,0.753424841968411,True
logistic,symmetric,high,0.11098310291858682,0.05227172395476298,0.5290118713556997,True
logistic,symmetric,high,0.08239730316717964,0.02885785893304693,0.6497718029133076,True
logistic,symmetric,high,0.07502521977230153,0.003185676084176303,0.9575385971031515,True
logistic,symmetric,high,0.029292513808908183,0.027805420489919297,0.05076700923280418,True
logistic,symmetric,high,0.027308692908052545,0.050006235191420445,-0.8311471500957502,True
logistic,symmetric,high,0.020080321285140534,0.03854537382735457,-0.9195596166022602,True
logistic,symmetric,high,0.10566848610326873,0.017619070137977033,0.8332608823338484,True
logistic,symmetric,high,0.022849462365591378,0.002702702702702786,0.8817170111287721,True
logistic,symmetric,high,0.01942317193675891,0.008313889849060896,,False
logistic,symmetric,high,0.06215965705016796,0.010678117770308693,0.8282146608098148,True
logistic,symmetric,high,0.02403860044494527,0.02197760451527697,0.08573693524248721,True
logistic,symmetric,high,0.031266846361185985,0.016001303848067416,0.4882341614109473,True
logistic,symmetric,high,0.05587730587730588,0.009970150104367748,0.8215706726043669,True
logistic,symmetric,high,0.04877130869910651,0.03849739048054068,0.2106549627763842,True
logistic,symmetric,high,0.06255808059474527,0.007207770226284382,0.8847827465651205,True
logistic,symmetric,high,0.01582307341541267,0.04336998610741627,,False
logistic,symmetric,high,0.0622697563874034,0.058787287033797875,0.05592553360799712,True
logistic,symmetric,high,0.05383795309168443,0.030051480051480062,0.44181607349924157,True
logistic,symmetric,high,0.06209123271794026,0.041861702127659606,0.32580333333333317,True
logistic,symmetric,high,0.13024567508032497,0.04578979879519984,0.6484351686383413,True
logistic,substantive,low,0.0550298996031674,0.02625762823684652,0.5228479712629679,True
logistic,substantive,low,0.059148810641207916,0.03328774348109809,0.43722040865675305,True
logistic,substantive,low,0.0330467432895335,0.01212193908058734,0.6331880883274033,True
logistic,substantive,low,0.04245908889871741,0.0456062992125984,-0.07412335958005113,True
logistic,substantive,low,0.017686771088210596,0.06257117866514339,,False
logistic,substantive,low,0.014052224578540273,0.012088324021349184,,False
logistic,substantive,low,0.033479191473508085,0.003740782751484484,0.8882654393119217,True
logistic,substantive,low,0.0014802107762239558,0.04067648187621731,,False
logistic,substantive,low,0.012671517916561736,0.014390678666144852,,False
logistic,substantive,low,0.021736815955710198,0.02125039043643695,0.022377956378908638,True
logistic,substantive,low,0.052117327117327195,0.03455157701733036,0.3370424208527155,True
logistic,substantive,low,0.07624084838265965,0.032411592236561426,0.5748789143336294,True
logistic,substantive,low,0.06498586549207819,0.060095912308746335,0.07524641160511958,True
logistic,substantive,low,0.041919703103913575,0.03644041893131056,0.13070904054402704,True
logistic,substantive,low,0.01727583086173068,0.042940475443768444,,False
logistic,substantive,low,0.017858323598774595,0.03202413040687968,,False
logistic,substantive,low,0.0021905380045997846,0.01358142493638681,,False
logistic,substantive,low,0.07603758693094664,0.0014782543938040016,0.9805588991777648,True
logistic,substantive,low,0.020842506971965324,0.0474870565052099,-1.278375464577434,True
logistic,substantive,low,0.026680833068295717,0.051931857422399474,-0.9464106420316024,True
logistic,substantive,low,0.06698356001282224,0.06423496667399098,0.041033849773065456,True
logistic,substantive,low,0.01875893260967887,0.006102083717766327,,False
logistic,substantive,low,0.03474442285324253,0.014865700230725754,0.5721413968072746,True
logistic,substantive,low,0.028637494306835376,0.03407395473617114,-0.18983715443421867,True
logistic,substantive,low,0.055461186885953806,0.03421742921587989,0.3830382806945328,True
logistic,substantive,low,0.029158085252449673,0.03894574572860021,-0.33567569308510214,True
logistic,substantive,low,0.052546661941556994,0.031105826735775,0.4080342007191387,True
logistic,substantive,low,0.029161520515987416,0.055678642983567395,-0.9093189243353178,True
logistic,substantive,low,0.06806614447345527,0.05461786987522277,0.19757655883501846,True
logistic,substantive,low,0.017822568992920118,0.01127050289611864,,False
logistic,substantive,low,0.037477808475800733,0.05265821958069361,-0.40505066123849814,True
logistic,substantive,low,0.005203841067218717,0.03054303324785168,,False
logistic,substantive,low,0.018168019685854242,0.029611238412203922,,False
logistic,substantive,low,0.05791607100848706,0.00938067963766176,0.8380297648939772,True
logistic,substantive,low,0.06356865855808214,0.07291115811739812,-0.14696707105719126,True
logistic,substantive,low,0.016507177033492804,0.0347892720306513,,False
logistic,substantive,low,0.0779746436727301,0.04966513552368601,0.3630604362600597,True
logistic,substantive,low,0.02192455195810894,0.03058985770701428,-0.39523296829335747,True
logistic,substantive,low,0.008003201280512129,0.007105648982011714,,False
logistic,substantive,low,0.0172737702567044,0.03821450588522024,,False
logistic,substantive,low,0.07204458915888134,0.04110452186805036,0.42945719660637177,True
logistic,substantive,low,0.055028288543140125,0.007713920817369102,0.8598189945282111,True
logistic,substantive,low,0.01970614252577929,0.03318740059356917,,False
logistic,substantive,low,0.0029997652995364943,0.028442408858477708,,False
logistic,substantive,low,0.033921465739647494,0.04672013295502375,-0.37730289468055456,True
logistic,substantive,low,0.05872147479564027,0.06506024096385543,-0.10794630397610137,True
logistic,substantive,low,0.04167650531286904,0.06016111871105023,-0.4435259928685393,True
logistic,substantive,low,0.03342921061041859,0.009536423841059571,0.7147278183683035,True
logistic,substantive,low,0.05045366984002908,0.0580082202566079,-0.14973242661102065,True
logistic,substantive,low,0.01925428773501503,0.015547786579339418,,False
logistic,substantive,low,0.04130076029940477,0.035732697037986205,0.13481745181090074,True
logistic,substantive,low,0.01545828857858944,0.05358555540043741,,False
logistic,substantive,low,0.03951319573676204,0.0297362921613612,0.24743388615121978,True
logistic,substantive,low,0.0015454958688735365,0.04918310411523008,,False
logistic,substantive,low,0.0198519515477793,0.03453102197050073,,False
logistic,substantive,low,0.010433979686057304,0.017538029833111812,,False
logistic,substantive,low,0.06682124483733054,0.0032772146575600347,0.9509554982769615,True
logistic,substantive,low,0.030729236572736407,0.0015851000594412357,0.9484172001575994,True
logistic,substantive,low,0.03914684814820324,0.05884630779398481,-0.5032195586015712,True
logistic,substantive,low,0.012152848578769193,0.05325238630976392,,False
logistic,substantive,low,0.005835167380979889,0.029952604578242226,,False
logistic,substantive,low,0.03174914899188275,0.06283454205011174,-0.9790937409433098,True
logistic,substantive,low,0.04105306953675014,0.03236139690322959,0.21171797216624416,True
logistic,substantive,low,0.030432432432432432,0.013207115184576956,0.5660184175583061,True
logistic,substantive,low,0.026938296299517273,0.018780381629543652,0.3028370680635734,True
logistic,substantive,low,0.01940311334848621,0.01477001292923985,,False
logistic,substantive,low,0.01152053977484535,0.0018326501085121905,,False
logistic,substantive,low,0.00581271722074761,0.0012508229098090462,,False
logistic,substantive,low,0.027926262219455933,0.05645899382765762,-1.0217168120810394,True
logistic,substantive,low,0.0401907356948229,0.03756144900329328,0.06542021801975391,True
logistic,substantive,low,0.053666090463843186,0.0033206652111803514,0.9381235863749455,True
logistic,substantive,low,0.04285714285714293,0.005403137339963893,0.8739267954008427,True
logistic,substantive,low,0.04408983451536641,0.03637706310231503,0.17493309960969086,True
logistic,substantive,low,0.032315537147620255,0.058329641116526276,-0.805002988193304,True
logistic,substantive,low,0.01878179915563094,0.004274306508209258,,False
logistic,substantive,low,0.005756929637526609,0.025147647170889686,,False
logistic,substantive,low,0.022166666666666668,0.01272222222222219,0.42606516290726965,True
logistic,substantive,low,0.00891858983031546,0.031772253408179574,,False
logistic,substantive,low,0.09325943416852511,0.04456791023025364,0.5221082925538999,True
logistic,substantive,low,0.05764979026868877,0.0753020947203592,-0.3061989361869005,True
logistic,substantive,low,0.03776533876126775,0.024653950953678505,0.34718046329393254,True
logistic,substantive,low,0.056809360843149914,0.010327151983046345,0.818213902959417,True
logistic,substantive,low,0.004086331868523918,0.007731735801721484,,False
logistic,substantive,low,0.03575890849117902,0.04361325611325606,-0.21964729779194866,True
logistic,substantive,low,0.015957784983152146,0.00441117691944326,,False
logistic,substantive,low,0.07307710254376298,0.09091872626477104,-0.24414793553594188,True
logistic,substantive,low,0.04486997118576064,0.010712637616190901,0.761251515588436,True
logistic,substantive,low,0.05107301218304705,0.018897359194570473,0.6299932510962575,True
logistic,substantive,low,0.04237048354695416,0.018820097428344895,0.5558205653355638,True
logistic,substantive,low,0.002283009236922484,0.012363674496644328,,False
logistic,substantive,low,0.004213828740157521,0.04239060599018496,,False
logistic,substantive,low,0.01257010354731658,0.09196691459580908,,False
logistic,substantive,low,0.05083271390043087,0.006046104443735212,0.8810587910852432,True
logistic,substantive,low,8.962372375820316e-05,0.011290160714541808,,False
logistic,substantive,low,0.007261717348757579,0.05283362443792039,,False
logistic,substantive,low,0.09235408149070201,0.06393570638380941,0.30771109027546006,True
logistic,substantive,low,0.006035701467173471,0.05761511345307513,,False
logistic,substantive,low,0.053692586904928064,0.05184512636954908,0.03440811184326492,True
logistic,substantive,low,0.01563079446583948,0.01764234590321545,,False
logistic,substantive,low,0.0590386452739432,0.0490070584793183,0.16991559931766184,True
logistic,substantive,med,0.06114697644519951,0.1212424260250603,-0.9828032892798697,True
logistic,substantive,med,0.09514126152258917,0.0670995670995671,0.29473746694397357,True
logistic,substantive,med,0.10166129144527725,0.09100728096822419,0.10479908651158489,True
logistic,substantive,med,0.05384144775600841,0.0579975579975579,-0.077191650944893,True
logistic,substantive,med,0.09138047821031547,0.06604101305947863,0.27729626334978413,True
logistic,substantive,med,0.017832237497509396,0.047979166503864246,,False
logistic,substantive,med,0.07796922113750915,0.11098889547935642,-0.4234962701963209,True
logistic,substantive,med,0.04376281580977115,0.07794743984452235,-0.7811340153098335,True
logistic,substantive,med,0.11685497629976727,0.12913010873640796,-0.10504586818067017,True
logistic,substantive,med,0.07144399272532997,0.06642396687861718,0.07026519172875088,True
logistic,substantive,med,0.05861674627601099,0.05535351158147117,0.05567068972361748,True
logistic,substantive,med,0.08008590510344615,0.12821801271258726,-0.6010059766068617,True
logistic,substantive,med,0.06475044271004138,0.11628287678707849,-0.7958622662674948,True
logistic,substantive,med,0.0818607068607069,0.1040725662664923,-0.271337253947499,True
logistic,substantive,med,0.07018985569198566,0.06443839215859948,0.08194152098880705,True
logistic,substantive,med,0.09600748607987264,0.06825810292859003,0.2890335356578001,True
logistic,substantive,med,0.04417113669657824,0.07212766589437414,-0.632913963474288,True
logistic,substantive,med,0.1104645278817934,0.10097445795776105,0.08591056428709437,True
logistic,substantive,med,0.06880383105428478,0.05876046048865591,0.14597109509359826,True
logistic,substantive,med,0.12685695331166924,0.1014801696619878,0.20004251235117035,True
logistic,substantive,med,0.022751827021364135,0.004221519747108937,0.8144535934127445,True
logistic,substantive,med,0.17620706819313092,0.12875065224654358,0.2693218633804914,True
logistic,substantive,med,0.10567737592875448,0.16668146175469745,-0.5772672276331944,True
logistic,substantive,med,0.08375603864734293,0.10511593669488406,-0.25502517063250274,True
logistic,substantive,med,0.0510429617350463,0.09893077316418752,-0.9381863787159761,True
logistic,substantive,med,0.08879234916304646,0.0826578926249899,0.0690876702314977,True
logistic,substantive,med,0.08730910168474759,0.056492435856642875,0.3529605188171145,True
logistic,substantive,med,0.055601768749179104,0.03928566210312534,0.29344582039568035,True
logistic,substantive,med,0.08298398251015038,0.012447761621250275,0.8499980207659027,True
logistic,substantive,med,0.029630126821119207,0.04106696190593351,-0.38598670717340866,True
logistic,substantive,med,0.07764118325009606,0.06254891579577371,0.1943848203048049,True
logistic,substantive,med,0.10083067361154885,0.09864913616867765,0.021635652770461394,True
logistic,substantive,med,0.13065586342569435,0.10506956631198583,0.1958296890997148,True
logistic,substantive,med,0.07838471849865947,0.00814081900668584,0.896142779324709,True
logistic,substantive,med,0.06989010989010991,0.06348610136786037,0.0916296816862748,True
logistic,substantive,med,0.07428571428571429,0.09472006665125232,-0.2750778203053197,True
logistic,substantive,med,0.13026734312978105,0.09270859527768294,0.28832051801869923,True
logistic,substantive,med,0.046839799749687105,0.09083885468124464,-0.9393519008768062,True
logistic,substantive,med,0.022936012308806264,0.046343150856120285,-1.0205408957827804,True
logistic,substantive,med,0.10433783363680782,0.0702733324940572,0.3264827335914084,True
logistic,substantive,med,0.062271693823417906,0.05003223726627981,0.19654927954658144,True
logistic,substantive,med,0.08300892483815614,0.028136507208399775,0.6610423847404603,True
logistic,substantive,med,0.059431786216596394,0.020293480135902375,0.6585416419768417,True
logistic,substantive,med,0.12997957099080704,0.11225010944112068,0.13640190850407016,True
logistic,substantive,med,0.08986349382032832,0.05725224774669646,0.3628975982041638,True
logistic,substantive,med,0.10496031746031742,0.10108860280196896,0.03688741375817813,True
logistic,substantive,med,0.07419293161428664,0.03707397173995364,0.5003031834259715,True
logistic,substantive,med,0.01979680696661834,0.07240437158469948,,False
logistic,substantive,med,0.1144288316419464,0.08354499028336426,0.2698956278363414,True
logistic,substantive,med,0.07741518060248065,0.06929964178815184,0.10483136190046884,True
logistic,substantive,med,0.09598483110626832,0.08302138462200426,0.13505724117920004,True
logistic,substantive,med,0.16503801437409749,0.14285393321537898,0.13441800813498075,True
logistic,substantive,med,0.05059124642346213,0.09031015684596355,-0.7850945218871189,True
logistic,substantive,med,0.11251349994676074,0.07662508319538541,0.31896987266734256,True
logistic,substantive,med,0.10803745758535066,0.07525768111653597,0.3034112168265191,True
logistic,substantive,med,0.05350211932865745,0.06648883619837975,-0.24273275587358278,True
logistic,substantive,med,0.021856261980529035,0.054526072732820174,-1.49475746499541,True
logistic,substantive,med,0.04709515783719764,0.05154689882445529,-0.09452651167762906,True
logistic,substantive,med,0.039701255700859917,0.10043364626828277,-1.5297347525989564,True
logistic,substantive,med,0.06521212121212117,0.08060876574196307,-0.23610096165649783,True
logistic,substantive,med,0.07947807654679662,0.07286176640883646,0.08324698363912318,True
logistic,substantive,med,0.08013231771084428,0.07510979554289443,0.06267785971290026,True
logistic,substantive,med,0.09024176327028677,0.0634176151554503,0.29724760623852586,True
logistic,substantive,med,0.005594172538564091,0.013807631014965294,,False
logistic,substantive,med,0.03772806419865249,0.1172800136264277,-2.1085616534393123,True
logistic,substantive,med,0.11091429527332208,0.06663415946464002,0.3992283925130131,True
logistic,substantive,med,0.07127903760028109,0.06413093125472669,0.10028342954964668,True
logistic,substantive,med,0.12507563656863663,0.13533696126035388,-0.0820409551630484,True
logistic,substantive,med,0.06075272004980581,0.04717794736440162,0.2234430437727797,True
logistic,substantive,med,0.08963414634146338,0.04712528604118993,0.4742485094724387,True
logistic,substantive,med,0.05748865907201317,0.11804461942257216,-1.0533548934356525,True
logistic,substantive,med,0.0847590099869735,0.043921568627451,0.48180649308903856,True
logistic,substantive,med,0.05839178797576339,0.026813392311288542,0.5408019990342144,True
logistic,substantive,med,0.0654492656503044,0.061008657638535246,0.06784809527879708,True
logistic,substantive,med,0.09063537390015597,0.1110178970917226,-0.22488485802485955,True
logistic,substantive,med,0.14128427969049895,0.09681870420390748,0.31472415461931735,True
logistic,substantive,med,0.052709299829181044,0.0628715681295372,-0.19279839294564297,True
logistic,substantive,med,0.14344472615375226,0.09247451894510716,0.3553299488613636,True
logistic,substantive,med,0.10909452270565867,0.06737229242045406,0.3824411093284017,True
logistic,substantive,med,0.03620367721242601,0.04259687566454695,-0.1765897539802016,True
logistic,substantive,med,0.026857408621491552,0.09085138755355593,-2.382730956435454,True
logistic,substantive,med,0.09700105265515457,0.10990636609679416,-0.1330430246723081,True
logistic,substantive,med,0.08990128093104532,0.0616494891357694,0.3142534956420162,True
logistic,substantive,med,0.10762761659933895,0.11354886471292114,-0.05501606651408982,True
logistic,substantive,med,0.05379775213726312,0.10725460396924724,-0.9936632983398784,True
logistic,substantive,med,0.06597239532844024,0.11560202303540312,-0.7522786986872964,True
logistic,substantive,med,0.05913037389721332,0.06640256659594523,-0.12298573845268106,True
logistic,substantive,med,0.08929542502317023,0.08883549946449765,0.005150606075879471,True
logistic,substantive,med,0.07638267863575354,0.12598074995202724,-0.6493366323638932,True
logistic,substantive,med,0.0783164866070416,0.10767732725777324,-0.37489987003696534,True
logistic,substantive,med,0.04297249465378661,0.06385125369831335,-0.48586332287057404,True
logistic,substantive,med,0.12082830534548039,0.09843385648370184,0.18534108210610784,True
logistic,substantive,med,0.06903830406696387,0.11697383091755753,-0.694332334758665,True
logistic,substantive,med,0.04440520856323105,0.08807030665669413,-0.9833328005043805,True
logistic,substantive,med,0.0772537433597148,0.11053403518243576,-0.43079196392799657,True
logistic,substantive,med,0.056466815165101436,0.06231972080643222,-0.10365212955994897,True
logistic,substantive,med,0.08032876384495158,0.07784658843980874,0.03090020667981232,True
logistic,substantive,med,0.025449891245395095,0.039730798970039505,-0.5611382613365155,True
logistic,substantive,med,0.057027027027027,0.022258133750804876,0.6096914934692982,True
logistic,substantive,med,0.03426207105982382,0.14201639951732592,-3.145003355732816,True
logistic,substantive,high,0.19496429277105032,0.17283298097251587,0.11351469278799478,True
logistic,substantive,high,0.1568256789528386,0.1211501822709612,0.22748504530693553,True
logistic,substantive,high,0.0917508417508418,0.17586056644880177,-0.9167188343227191,True
logistic,substantive,high,0.12919892260458454,0.10069031856504262,0.22065667007760564,True
logistic,substantive,high,0.07011113831862814,0.13923247763270208,-0.9858824285514244,True
logistic,substantive,high,0.16737191526196604,0.1613388644867415,0.036045777248720406,True
logistic,substantive,high,0.17287067188480265,0.14425805873390496,0.16551455975114465,True
logistic,substantive,high,0.17228358349853679,0.15902626297879774,0.07695057329621682,True
logistic,substantive,high,0.08317289405155515,0.11877286250792563,-0.42802368322429246,True
logistic,substantive,high,0.12490403900337221,0.1293753641532558,-0.035798082956811805,True
logistic,substantive,high,0.15833227180336407,0.05396986286620209,0.6591354229210561,True
logistic,substantive,high,0.14499605689473327,0.12687696382294034,0.12496266077737098,True
logistic,substantive,high,0.1463329955866508,0.07479892761394102,0.4888444173915036,True
logistic,substantive,high,0.1658983125203276,0.11029954257045882,0.3351376460990599,True
logistic,substantive,high,0.15944798898226487,0.1312607944732297,0.17677986840066318,True
logistic,substantive,high,0.19977090181727974,0.16401922450309536,0.1789633875051764,True
logistic,substantive,high,0.14329714718505426,0.18615527133636145,-0.2990856761157995,True
logistic,substantive,high,0.10325510186328912,0.17111164697371595,-0.6571737752994484,True
logistic,substantive,high,0.15176710334788934,0.11588814411395054,0.23640801229298666,True
logistic,substantive,high,0.11129461364553572,0.12323783537971811,-0.10731176777539814,True
logistic,substantive,high,0.09751002673796794,0.08557679901026927,0.12237949395466807,True
logistic,substantive,high,0.10478537899810969,0.09380235149465921,0.10481450378347741,True
logistic,substantive,high,0.06892230576441094,0.12380783357511038,-0.7963391125988766,True
logistic,substantive,high,0.10550590389300074,0.16618973047106766,-0.5751699605323479,True
logistic,substantive,high,0.13531420765027324,0.12437854388965564,0.08081681850350417,True
logistic,substantive,high,0.1642968574156144,0.18625963381790234,-0.13367739802064316,True
logistic,substantive,high,0.1042741997984965,0.1571044526754235,-0.5066474063480537,True
logistic,substantive,high,0.10115412522296463,0.10053413469237793,0.006129167043065351,True
logistic,substantive,high,0.1315189205655738,0.10972490775769472,0.16571009489857264,True
logistic,substantive,high,0.140084358287773,0.15498577410850456,-0.1063745874476566,True
logistic,substantive,high,0.16246559137338767,0.16185567010309276,0.0037541565887213315,True
logistic,substantive,high,0.14167534604155296,0.14839426619531326,-0.047424766139548796,True
logistic,substantive,high,0.19725538603969373,0.14670608827652432,0.25626320668880176,True
logistic,substantive,high,0.17952982963985853,0.13355342915719737,0.2560933777684244,True
logistic,substantive,high,0.13964665191080827,0.19496034989495226,-0.396097559284648,True
logistic,substantive,high,0.1262669281924247,0.13099019553885227,-0.03740700287908765,True
logistic,substantive,high,0.11286668714483183,0.14414771194563536,-0.27715019898354376,True
logistic,substantive,high,0.12617408344532954,0.13683760106299125,-0.08451432597314763,True
logistic,substantive,high,0.1972478205533068,0.18546242471101437,0.05974918155867479,True
logistic,substantive,high,0.12822069337650077,0.12323473854641398,0.038885726623286036,True
logistic,substantive,high,0.1042657355927058,0.14508925186162547,-0.39153338377996916,True
logistic,substantive,high,0.17360468701819298,0.1447344801795064,0.16629854489850904,True
logistic,substantive,high,0.12540863398648894,0.15091298201523606,-0.20336995323220625,True
logistic,substantive,high,0.11121873865612053,0.11497946317699881,-0.033813767053285315,True
logistic,substantive,high,0.1362054820609736,0.14100413423901592,-0.03523097679647107,True
logistic,substantive,high,0.18881484557879635,0.16078927970666623,0.1484288260608961,True
logistic,substantive,high,0.0790658493132752,0.08243929983060416,-0.0426663413677206,True
logistic,substantive,high,0.12796484065383518,0.1193577686741224,0.06726122531575877,True
logistic,substantive,high,0.19908169453348346,0.1513816929157269,0.23960013867439692,True
logistic,substantive,high,0.17501449275362324,0.15850394508427212,0.09433817399678923,True
logistic,substantive,high,0.21611424609517937,0.17521645563285115,0.1892415294284502,True
logistic,substantive,high,0.13453822206848842,0.1501565832196583,-0.1160886542949791,True
logistic,substantive,high,0.1620789819489591,0.14049858998659326,0.13314738100441545,True
logistic,substantive,high,0.17164840244207769,0.1587996290923922,0.07485518750470904,True
logistic,substantive,high,0.13530907668231607,0.18314590903395567,-0.3535374974433739,True
logistic,substantive,high,0.18660979631330032,0.1972405875133615,-0.05696802316965752,True
logistic,substantive,high,0.1715078667057559,0.1457675607835801,0.15008236308096962,True
logistic,substantive,high,0.12863128600191231,0.11140196889669085,0.1339434412944089,True
logistic,substantive,high,0.09196022248440916,0.0688292745276422,0.251532100856852,True
logistic,substantive,high,0.17215037501157449,0.15323701028063352,0.10986537049175366,True
logistic,substantive,high,0.19460431055387828,0.21242227741752662,-0.09155998041839492,True
logistic,substantive,high,0.12170882472247135,0.13138092597623474,-0.07946918619761849,True
logistic,substantive,high,0.1212965340179718,0.13333333333333341,-0.09923448689455702,True
logistic,substantive,high,0.1881868131868133,0.13962678624000724,0.25804160304580137,True
logistic,substantive,high,0.06469858861708966,0.1068620689655172,-0.6516908830572289,True
logistic,substantive,high,0.13602941176470584,0.18872075930254006,-0.3873526089267814,True
logistic,substantive,high,0.11509231568134692,0.12283059262970886,-0.06723539188999114,True
logistic,substantive,high,0.10727248710107973,0.13617875369563892,-0.2694658003717362,True
logistic,substantive,high,0.11999909074377157,0.10545597674700247,0.12119353493954664,True
logistic,substantive,high,0.18217885562713143,0.14148050810337276,0.2233977559232048,True
logistic,substantive,high,0.16982758620689653,0.2015322633907931,-0.18668743925543166,True
logistic,substantive,high,0.10898905016552074,0.15081422737362948,-0.3837557731220632,True
logistic,substantive,high,0.11060005551785823,0.11274366171118377,-0.019381601422247218,True
logistic,substantive,high,0.16040937299174152,0.14102188439020746,0.12086256706789943,True
logistic,substantive,high,0.2091763180555959,0.16954873572633378,0.18944583544457314,True
logistic,substantive,high,0.1405877864360534,0.047062294626741275,0.6652462079403488,True
logistic,substantive,high,0.0903040481320011,0.08225517366027046,0.08913082678159977,True
logistic,substantive,high,0.08500151694344071,0.11174089068825921,-0.3145752535523648,True
logistic,substantive,high,0.1336278309773522,0.05801615553121586,0.5658377816440897,True
logistic,substantive,high,0.08951563458001222,0.09202732597234264,-0.028058689458157062,True
logistic,substantive,high,0.15437670299727524,0.1410000930463371,0.086649149069949,True
logistic,substantive,high,0.15363550078575983,0.13819373948217872,0.10050907000403626,True
logistic,substantive,high,0.1468478342815056,0.13351199808463143,0.09081397939658768,True
logistic,substantive,high,0.08371731716559305,0.13025171034438288,-0.5558514624488585,True
logistic,substantive,high,0.1060089948638796,0.1281864170362853,-0.20920321149052049,True
logistic,substantive,high,0.1321193275067336,0.14963922243301953,-0.13260660084265866,True
logistic,substantive,high,0.1840659813695611,0.10160889360097825,0.44797570498933453,True
logistic,substantive,high,0.17986188513230594,0.18665147705845375,-0.037748920073607604,True
logistic,substantive,high,0.16052503429227793,0.17288023938724018,-0.07696746585000784,True
logistic,substantive,high,0.1358431573851009,0.13864700901838622,-0.0206403597152613,True
logistic,substantive,high,0.14749544197158315,0.09281007912221206,0.37075967988154446,True
logistic,substantive,high,0.17502829121086383,0.11686326413721582,0.3323178594229329,True
logistic,substantive,high,0.123743090702921,0.11918395573997242,0.036843551725195066,True
logistic,substantive,high,0.17516213753550947,0.14609415079747934,0.16594902955062057,True
logistic,substantive,high,0.13639807162534434,0.11769050607721276,0.1371541791259129,True
logistic,substantive,high,0.1019799744033727,0.11252992817238627,-0.10345122981973083,True
logistic,substantive,high,0.13738347835082354,0.14060001610472672,-0.023412842595886278,True
logistic,substantive,high,0.07507546079249894,0.10202967930841123,-0.35902834603188183,True
logistic,substantive,high,0.11299234938462444,0.19035619330622455,-0.6846821430206274,True
logistic,substantive,high,0.1780630069683905,0.11487179487179477,0.35488119162119586,True
logistic,mixed,low,0.7273648023938003,0.03603603603603611,0.9504567227924153,True
logistic,mixed,low,0.7306277877953877,0.016786337550031782,0.9770247753638234,True
logistic,mixed,low,0.7478365477899802,0.006144393241167445,0.9917837751319785,True
logistic,mixed,low,0.764645286686103,0.006446974624722324,0.9915686727728842,True
logistic,mixed,low,0.6703669587822167,0.020752086709533546,0.9690436910147964,True
logistic,mixed,low,0.7079307081067993,0.03328287553392406,0.9529856875075647,True
logistic,mixed,low,0.7138272355663661,0.012330847082435037,0.9827257262429172,True
logistic,mixed,low,0.6745621253085694,0.0434675911905682,0.9355617673158205,True
logistic,mixed,low,0.7175794765694492,0.055312661389024464,0.9229177210398225,True
logistic,mixed,low,0.7072880654788287,0.05988718726612463,0.915328435203298,True
logistic,mixed,low,0.6431419146042119,0.020078431372548944,0.9687807139969953,True
logistic,mixed,low,0.7280150103519668,0.014691133869951467,0.9798202871354962,True
logistic,mixed,low,0.6710697674418604,0.01762947708632756,0.9737292932245604,True
logistic,mixed,low,0.6718969144460027,0.01318991141158643,0.9803691442422208,True
logistic,mixed,low,0.713711696766722,0.0006036447088638708,0.9991542177162032,True
logistic,mixed,low,0.7080397417376691,0.012647729628861737,0.9821369777947467,True
logistic,mixed,low,0.7583229000682904,0.00643408878702989,0.991515370580988,True
logistic,mixed,low,0.6750237899358145,0.011470200728512792,0.9830077089140763,True
logistic,mixed,low,0.7006266134192353,0.009458477702023016,0.9864999737080166,True
logistic,mixed,low,0.7578173858661663,0.00381048525083838,0.9949717632217119,True
logistic,mixed,low,0.6976454293628809,0.023480079501935536,0.9663438209243648,True
logistic,mixed,low,0.7315940956375149,0.04065678146008844,0.9444271328834879,True
logistic,mixed,low,0.7001662238076172,0.027030597308008164,0.9613940284622537,True
logistic,mixed,low,0.7029632680276912,0.02702092144730739,0.9615614034526723,True
logistic,mixed,low,0.6529086747485934,0.010843195239903292,0.9833924779080649,True
logistic,mixed,low,0.6801054018445323,0.013157894736842146,0.9806531536124309,True
logistic,mixed,low,0.6699480842795555,0.008191870703603388,0.9877723798368455,True
logistic,mixed,low,0.720774051490515,0.009073467680279279,0.987411495098199,True
logistic,mixed,low,0.7116016759263328,0.009735878156930777,0.9863183597140113,True
logistic,mixed,low,0.7074088924529983,3.553660270072534e-05,0.999949765117346,True
logistic,mixed,low,0.6849619239111505,0.02889516843971629,0.9578149274711153,True
logistic,mixed,low,0.6447931851311953,0.015931285067744105,0.9752924109076888,True
logistic,mixed,low,0.7327628738822078,0.007099892054654444,0.9903107917885646,True
logistic,mixed,low,0.7035001710181279,0.02241367009132411,0.968139780181025,True
logistic,mixed,low,0.7002023060406349,0.07298383328660873,0.8957675051096258,True
logistic,mixed,low,0.7023232504848872,0.006960490657538121,0.9900893347148445,True
logistic,mixed,low,0.6302587540936408,0.031912734652460695,0.9493656622059085,True
logistic,mixed,low,0.6961038961038961,0.006940108841564263,0.9900300675223797,True
logistic,mixed,low,0.6810631947748604,0.002315789473684271,0.996599743619313,True
logistic,mixed,low,0.709292188725356,0.0372559908336203,0.9474744098048341,True
logistic,mixed,low,0.6664057223552526,0.003986386183424395,0.9940180793025974,True
logistic,mixed,low,0.7235531948628507,0.04645868901650363,0.9357909144118839,True
logistic,mixed,low,0.7813335181804879,0.005436317178343919,0.9930422578171181,True
logistic,mixed,low,0.6531133519048927,0.03020358628888442,0.9537544498197876,True
logistic,mixed,low,0.7502876072996464,0.004674108283808542,0.9937702445857648,True
logistic,mixed,low,0.7095418044402456,0.0056416482182389815,0.9920488853751336,True
logistic,mixed,low,0.6489161240903869,0.0350162471506863,0.946038870278081,True
logistic,mixed,low,0.7009780375472772,0.05998657304483723,0.9144244614927876,True
logistic,mixed,low,0.711316560348545,0.044613668366151105,0.9372801494396666,True
logistic,mixed,low,0.7633867443260077,0.026400138644054105,0.9654170853236878,True
logistic,mixed,low,0.6871380005036515,0.05087014725568939,0.9259680774190874,True
logistic,mixed,low,0.6928951149989399,0.010418557704177545,0.9849637304713954,True
logistic,mixed,low,0.7268254849330484,0.03230717890960666,0.9555502942875171,True
logistic,mixed,low,0.6845814466504122,0.0059212271988232645,0.9913505876798221,True
logistic,mixed,low,0.7412146181429771,0.0029873554740768027,0.9959696484648923,True
logistic,mixed,low,0.7276781609195402,0.02496568886610373,0.9656913039212892,True
logistic,mixed,low,0.7135959673273107,0.0012630282960792716,0.9982300512420077,True
logistic,mixed,low,0.741342571842142,0.00557182944959056,0.9924841366714645,True
logistic,mixed,low,0.6638705283820054,0.005826349454307489,0.9912236660535186,True
logistic,mixed,low,0.7751613849765258,0.03965201465201462,0.9488467622091168,True
logistic,mixed,low,0.684537239265033,0.005569802853021333,0.9918634041604494,True
logistic,mixed,low,0.6512750571165485,0.01888421164810572,0.9710042455307385,True
logistic,mixed,low,0.6770950243172466,0.02346662332032945,0.965342200906007,True
logistic,mixed,low,0.6786422051405236,0.027387793304601504,0.9596432507481163,True
logistic,mixed,low,0.752377504737974,0.0122439605028829,0.9837263070389817,True
logistic,mixed,low,0.7277551407182792,0.003842374646193525,0.994720237025875,True
logistic,mixed,low,0.6980498462534391,0.030517102468321955,0.9562823448323744,True
logistic,mixed,low,0.6605224684657884,0.012283410354575808,0.9814034935357964,True
logistic,mixed,low,0.7450557143690566,0.0019960661470095342,0.9973209169347826,True
logistic,mixed,low,0.6390379998535651,0.00797522681588525,0.9875199490206955,True
logistic,mixed,low,0.7049373683095241,0.0572057815237792,0.9188498381622731,True
logistic,mixed,low,0.6842597422670453,0.021949960033105342,0.9679215966142007,True
logistic,mixed,low,0.7046295355410284,0.0011923468138240745,0.9983078387242048,True
logistic,mixed,low,0.6242083095514575,0.008075370121130576,0.987063020473192,True
logistic,mixed,low,0.7390245775729647,0.011270779020547739,0.9847491147621069,True
logistic,mixed,low,0.6922763944107322,0.0405585585585585,0.9414127667994774,True
logistic,mixed,low,0.6773812706050075,0.018074195998987075,0.9733175439249391,True
logistic,mixed,low,0.6988620710765557,0.01803200469793731,0.9741980493086997,True
logistic,mixed,low,0.7070314724743995,0.01910781034821951,0.9729745971825725,True
logistic,mixed,low,0.6681651560926486,0.02281135767824838,0.9658597017964143,True
logistic,mixed,low,0.693026897568165,0.04515949070949743,0.9348373189150921,True
logistic,mixed,low,0.7244921727536325,0.03505414983694921,0.9516155575515519,True
logistic,mixed,low,0.6817034518527055,0.01454576693441001,0.978662618041792,True
logistic,mixed,low,0.7453785122091563,0.013172055879729805,0.9823283665091305,True
logistic,mixed,low,0.6844483489469662,0.01910485683572749,0.9720872190500268,True
logistic,mixed,low,0.6669921288229286,0.02174922600619189,0.967392079956665,True
logistic,mixed,low,0.7721038628109766,0.0034097340124504827,0.995583840236161,True
logistic,mixed,low,0.7223224788024383,0.009237515401898988,0.9872113693357375,True
logistic,mixed,low,0.728891565228612,0.05894998622409764,0.919123791471495,True
logistic,mixed,low,0.7033145668005304,0.0038149050101112802,0.9945758197111347,True
logistic,mixed,low,0.6312377129750983,0.06787459939484008,0.8924737891927607,True
logistic,mixed,low,0.7313200302733834,0.02197767447743726,0.9699479385663462,True
logistic,mixed,low,0.747679938926927,0.014492933300272681,0.9806161265727245,True
logistic,mixed,low,0.6492278860569716,0.012796816839943603,0.9802891756272764,True
logistic,mixed,low,0.7022958739473694,0.012106646379417607,0.9827613306178631,True
logistic,mixed,low,0.664562106652502,0.014595911682395935,0.9780367981618487,True
logistic,mixed,low,0.6443409247757074,0.034470455661413824,0.9465027684320799,True
logistic,mixed,low,0.7078267477203648,0.009910809910809948,0.9859982545972884,True
logistic,mixed,low,0.7078980931590024,0.011211626819368048,0.9841620892502535,True
logistic,mixed,low,0.6504262460642785,0.024966508342467386,0.9616151585309796,True
logistic,mixed,med,0.5409476022504018,0.03327341654487315,0.9384904999921396,True
logistic,mixed,med,0.4540886809269162,0.04813249110044182,0.8940020019829815,True
logistic,mixed,med,0.4599413059427732,0.05891068152956114,0.8719169581675038,True
logistic,mixed,med,0.4463071990331277,0.03922356702443486,0.9121153162901963,True
logistic,mixed,med,0.49632293237443453,0.025215143120960293,0.9491960949691973,True
logistic,mixed,med,0.4629864956873858,0.07002017309819741,0.848764113531562,True
logistic,mixed,med,0.5279719884152412,0.04997846606610923,0.9053387922792563,True
logistic,mixed,med,0.48377482661247445,0.02775266726696024,0.942633089321137,True
logistic,mixed,med,0.45549699897525986,0.053911993465212915,0.8816413860321808,True
logistic,mixed,med,0.4892625714786099,0.07908458022367726,0.8383596358399659,True
logistic,mixed,med,0.509345972341429,0.0744673232545956,0.8537981503765028,True
logistic,mixed,med,0.4499567411292446,0.04552898550724638,0.8988147496290788,True
logistic,mixed,med,0.46276968230984483,0.0706359945872802,0.8473625276515278,True
logistic,mixed,med,0.4629986091794159,0.04141037527071112,0.9105604758854378,True
logistic,mixed,med,0.475969242410754,0.04647939584424654,0.9023479004466101,True
logistic,mixed,med,0.4619147296566123,0.07325196598227957,0.8414166916981948,True
logistic,mixed,med,0.5129261874454155,0.047133192857934936,0.9081092094504324,True
logistic,mixed,med,0.4459405884518449,0.026347371117046547,0.9409173064768208,True
logistic,mixed,med,0.45554407882871806,0.06407606299554058,0.8593416839918299,True
logistic,mixed,med,0.45477732793522263,0.006337381725744939,0.9860648688127926,True
logistic,mixed,med,0.4178116001645413,0.01627334414219661,0.9610509996951069,True
logistic,mixed,med,0.5110166806237693,0.07023470839260315,0.8625588732115914,True
logistic,mixed,med,0.4497522571675679,0.0421319073083779,0.9063219658446751,True
logistic,mixed,med,0.4918914391020271,0.00017361111111102723,0.9996470540096652,True
logistic,mixed,med,0.4761564365614337,0.07525033467202147,0.8419630001949734,True
logistic,mixed,med,0.5710426528538501,0.08212663507905071,0.8561812595458262,True
logistic,mixed,med,0.4174994729074425,0.026369486164855682,0.9368394743561709,True
logistic,mixed,med,0.5529962160302717,0.07712824757730596,0.8605266268710167,True
logistic,mixed,med,0.4951716738197425,0.06008835430820059,0.8786514708228755,True
logistic,mixed,med,0.4735713798047381,0.05294241270361433,0.8882060551770603,True
logistic,mixed,med,0.47697500900862705,0.041122715404699695,0.9137843395817077,True
logistic,mixed,med,0.4744712815725956,0.027990298040175277,0.9410073925920157,True
logistic,mixed,med,0.48463275795163,0.01729511867442901,0.9643129392500637,True
logistic,mixed,med,0.4271603824643695,0.05919717288872772,0.8614169868769009,True
logistic,mixed,med,0.5082107478269918,0.07161108345777334,0.8590917571815077,True
logistic,mixed,med,0.45783415550857404,0.023062246432320466,0.9496275099731204,True
logistic,mixed,med,0.4272483901309601,0.06465563249102191,0.8486696872720721,True
logistic,mixed,med,0.4554534646087762,0.04869450337996717,0.893085667002677,True
logistic,mixed,med,0.5104710240500958,0.08643356794568235,0.830678796888577,True
logistic,mixed,med,0.4650128337434839,0.015851908139142168,0.9659108158122651,True
logistic,mixed,med,0.4581986713349493,0.053265675969554116,0.8837498244716292,True
logistic,mixed,med,0.45135018919848646,0.05744418572798249,0.8727281230789055,True
logistic,mixed,med,0.429418307196085,0.028816108614423186,0.9328950160448913,True
logistic,mixed,med,0.44686040999267357,0.06898364090195708,0.8456259732136752,True
logistic,mixed,med,0.458482801843926,0.005571193994839296,0.9878486303686135,True
logistic,mixed,med,0.42340526374484216,0.013390190482511444,0.9683750023226428,True
logistic,mixed,med,0.4174262503501627,0.022888208204526084,0.9451682586197536,True
logistic,mixed,med,0.41693121693121693,0.022661122661122635,0.9456478149371551,True
logistic,mixed,med,0.4324753523456627,0.005229669347631805,0.9879075898331151,True
logistic,mixed,med,0.43339235412474847,0.02059473578460924,0.9524801589400417,True
logistic,mixed,med,0.47357787104840154,0.03924805066770232,0.9171243990332246,True
logistic,mixed,med,0.4402908435891944,0.0373624413453173,0.9151414527707561,True
logistic,mixed,med,0.4597772153916665,0.04728260869565226,0.8971619142645553,True
logistic,mixed,med,0.5211737664811302,0.05668732265329757,0.8912314350815468,True
logistic,mixed,med,0.5090568288318991,0.037296645015195695,0.9267338283217259,True
logistic,mixed,med,0.4400409116223279,0.033568172399502716,0.9237157920709128,True
logistic,mixed,med,0.42983038945605784,0.002428366762177614,0.9943504069936733,True
logistic,mixed,med,0.43785698654119704,0.07895834531960189,0.8196709251042797,True
logistic,mixed,med,0.5029168500276453,0.07836800250714926,0.8441730427150306,True
logistic,mixed,med,0.49699621315700065,0.07346909508102684,0.8521737326440795,True
logistic,mixed,med,0.42158587048705387,0.006226180073992782,0.985231525746345,True
logistic,mixed,med,0.44600951034571396,0.057978231619775,0.8700067369082903,True
logistic,mixed,med,0.46178822126460145,0.014183787808816017,0.969285081005371,True
logistic,mixed,med,0.45844862234700035,0.030120910384068278,0.9342981766858278,True
logistic,mixed,med,0.5261794198802072,0.03672846237731742,0.9301978355868057,True
logistic,mixed,med,0.49348448646908305,0.0012420091324201188,0.9974831850514556,True
logistic,mixed,med,0.4160812131960075,0.006821282401091366,0.9836058870606157,True
logistic,mixed,med,0.42254286335197705,0.07168896945626135,0.8303391781662997,True
logistic,mixed,med,0.45496147680852167,0.045195974702095465,0.90065977669332,True
logistic,mixed,med,0.4459957092935816,0.03756901093349696,0.9157637390884253,True
logistic,mixed,med,0.5241145833333334,0.06865363559671889,0.8690102550475005,True
logistic,mixed,med,0.5418634792626728,0.02825933921109347,0.9478478615138509,True
logistic,mixed,med,0.39710770214125923,0.01996038716992221,0.9497355829103967,True
logistic,mixed,med,0.4338151604825859,0.0219327533679734,0.9494421694631997,True
logistic,mixed,med,0.5204099821746879,0.023052891601278658,0.9557024415539739,True
logistic,mixed,med,0.468479796066003,0.03750475021193256,0.9199437189674481,True
logistic,mixed,med,0.4572380496812878,0.020527040742351788,0.955106446725814,True
logistic,mixed,med,0.4727782571182053,0.06334283595027657,0.8660199892939674,True
logistic,mixed,med,0.41425778522552714,0.01564124546267076,0.962242724167138,True
logistic,mixed,med,0.45769248781670374,0.03830731931254128,0.916303368894526,True
logistic,mixed,med,0.40290313993078425,0.027935219722578397,0.9306651724596203,True
logistic,mixed,med,0.4811385870340264,0.06187803577775142,0.8713924897206896,True
logistic,mixed,med,0.45238127664210714,0.013772081236916534,0.9695564738241542,True
logistic,mixed,med,0.4310891508435095,0.05071365832235397,0.8823592330655438,True
logistic,mixed,med,0.41269177126917717,0.017264481550195887,0.9581661599476498,True
logistic,mixed,med,0.4871627574976858,0.03882952657018812,0.9202945504914287,True
logistic,mixed,med,0.4766739336991781,0.009796256682556459,0.9794487258689947,True
logistic,mixed,med,0.4392860322264756,0.050793650793650724,0.8843722607427138,True
logistic,mixed,med,0.4884531590413943,0.055937650737904354,0.8854800103091075,True
logistic,mixed,med,0.41364643799472295,0.017384343680900582,0.9579729399697566,True
logistic,mixed,med,0.4781171931821775,0.05808146176971052,0.878520449383673,True
logistic,mixed,med,0.5016951161688004,0.04093280068273453,0.9184110042861923,True
logistic,mixed,med,0.48282599580712793,0.0009112073042086832,0.9981127625436045,True
logistic,mixed,med,0.5144102203215504,0.019105984138428234,0.9628584670683927,True
logistic,mixed,med,0.480778830383052,0.03757025147215154,0.9218554372657837,True
logistic,mixed,med,0.45200516786842887,0.043432831759680046,0.903910762869148,True
logistic,mixed,med,0.5300248747503766,0.049005609852706855,0.9075409246107802,True
logistic,mixed,med,0.4891435332864395,0.05181936707360435,0.8940610198290013,True
logistic,mixed,med,0.48608991298009024,0.0421263462043604,0.9133363086139871,True
logistic,mixed,med,0.5080750076648354,0.022153364994787483,0.956397451831755,True
logistic,mixed,high,0.5038672401915094,0.0647262569832403,0.8715410492679794,True
logistic,mixed,high,0.5091303063134048,0.09048124088558929,0.8222827441941909,True
logistic,mixed,high,0.46452632334985283,0.047384759344388905,0.8979933817255354,True
logistic,mixed,high,0.491070325476684,0.027329221576477103,0.9443476419595329,True
logistic,mixed,high,0.5668109104106759,0.032594892055876956,0.9424942402180284,True
logistic,mixed,high,0.450381066765554,0.044896524939431526,0.9003143598778267,True
logistic,mixed,high,0.5392533024177348,0.11524579329978146,0.7862863467259662,True
logistic,mixed,high,0.5423672826001917,0.09641212622399309,0.8222383072928393,True
logistic,mixed,high,0.4557065217391305,0.037899005756148574,0.9168346206424408,True
logistic,mixed,high,0.4489710023325214,0.02304689784223135,0.948667290933052,True
logistic,mixed,high,0.4847373347373347,0.011429812229861724,0.9764206067682919,True
logistic,mixed,high,0.47748939779474125,0.09341235861481967,0.8043676801071614,True
logistic,mixed,high,0.4777748392582418,0.08769357045143644,0.8164541887815125,True
logistic,mixed,high,0.46965271015903926,0.05140019889088254,0.8905570056787774,True
logistic,mixed,high,0.5671488363926757,0.020911915308764017,0.9631279939816622,True
logistic,mixed,high,0.5430428431215905,0.12952116851139106,0.7614899631733283,True
logistic,mixed,high,0.5174938010758906,0.05819408561179151,0.8875463136161175,True
logistic,mixed,high,0.5458734981040705,0.08501082090658452,0.8442664441453114,True
logistic,mixed,high,0.48543585470759115,0.03878146486853362,0.9201100114619796,True
logistic,mixed,high,0.4666923984484283,0.09225384547834825,0.8023240880180251,True
logistic,mixed,high,0.4707474613951812,0.062459164842218695,0.8673191679948631,True
logistic,mixed,high,0.4597687007874016,0.0728709887786998,0.841505111909748,True
logistic,mixed,high,0.5256130750953993,0.10849964258985179,0.7935750693223167,True
logistic,mixed,high,0.4970648809662331,0.049869921363643877,0.8996712033513555,True
logistic,mixed,high,0.49974923850676495,0.05160497109058282,0.89673826968746,True
logistic,mixed,high,0.5123787249296295,0.08902573075801423,0.8262501418843238,True
logistic,mixed,high,0.5358820871922295,0.07081769072180333,0.8678483710980996,True
logistic,mixed,high,0.48231353180591763,0.1552330694810906,0.6781490477784143,True
logistic,mixed,high,0.47359329792287425,0.09276097929147598,0.804133673980787,True
logistic,mixed,high,0.4869554516367216,0.08955218520261021,0.8160977869708338,True
logistic,mixed,high,0.4598818464116579,0.08712961694745014,0.8105391251529048,True
logistic,mixed,high,0.5291583972690225,0.046357868990292705,0.9123932092365067,True
logistic,mixed,high,0.5197409338143001,0.0319086458842498,0.9386066330198835,True
logistic,mixed,high,0.47976630952053057,0.08770024123947573,0.8172021680156706,True
logistic,mixed,high,0.544344657866982,0.05825510202182094,0.8929812184616748,True
logistic,mixed,high,0.4588450100283561,0.11811870430731264,0.742573850154733,True
logistic,mixed,high,0.4846699544346253,0.07367207260824282,0.8479953792593098,True
logistic,mixed,high,0.49176181295867555,0.04254414316333821,0.9134862812804186,True
logistic,mixed,high,0.4794399896719407,0.07920105176520287,0.8348050778588649,True
logistic,mixed,high,0.5625814863102999,0.09914577530176416,0.8237663739132025,True
logistic,mixed,high,0.5009562641166291,0.09019361054136366,0.8199571160160891,True
logistic,mixed,high,0.4445729708887604,0.03376793027256175,0.9240441221492725,True
logistic,mixed,high,0.4637767272038371,0.050095764272559906,0.8919830139502838,True
logistic,mixed,high,0.5183529118950253,0.06936058299188097,0.8661904247083161,True
logistic,mixed,high,0.4930871292380122,0.03279950951243016,0.9334813107713508,True
logistic,mixed,high,0.47619047619047616,0.11200537554128709,0.7647887113632971,True
logistic,mixed,high,0.4927380603733472,0.09402102355668773,0.8091866021361368,True
logistic,mixed,high,0.4977142154561509,0.10332415486182533,0.7924026446238237,True
logistic,mixed,high,0.5750562301280033,0.04350895839659885,0.9243396452084102,True
logistic,mixed,high,0.49618762667696165,0.218959917734442,0.5587154818816273,True
logistic,mixed,high,0.5103515843690516,0.11678972079526506,0.7711583066021979,True
logistic,mixed,high,0.4908738014185572,0.05362960259159555,0.8907466594537874,True
logistic,mixed,high,0.5517753047164813,0.1052900940100242,0.8091794012707303,True
logistic,mixed,high,0.505056691308778,0.10640551860064051,0.789319653750341,True
logistic,mixed,high,0.5037151141718014,0.08229369809835108,0.8366265061677636,True
logistic,mixed,high,0.527948332301159,0.05480673227784916,0.8961892122303635,True
logistic,mixed,high,0.5337422157661837,0.09955115034258954,0.8134845860005949,True
logistic,mixed,high,0.523365461077304,0.11129039876807967,0.7873562413939245,True
logistic,mixed,high,0.4479777388413415,0.07118071854125296,0.8411065721137033,True
logistic,mixed,high,0.5217155734302303,0.10433171386469409,0.8000218525609213,True
logistic,mixed,high,0.578794131132508,0.08472209811455633,0.8536230871090843,True
logistic,mixed,high,0.4435539964314876,0.061942928149824716,0.8603486189997781,True
logistic,mixed,high,0.49165214110120214,0.08703369046082354,0.8229770946061873,True
logistic,mixed,high,0.5329310749966913,0.06990376379486485,0.8688315111005699,True
logistic,mixed,high,0.4852395884909501,0.06366315449517579,0.868800576034692,True
logistic,mixed,high,0.4160481145205116,0.11743657186695156,0.7177331953485832,True
logistic,mixed,high,0.49466389466389465,0.03507811722559462,0.9290869667182221,True
logistic,mixed,high,0.4553633842199021,0.08583106267029972,0.8115108380588402,True
logistic,mixed,high,0.4976028064704736,0.06754918183489611,0.8642508021326759,True
logistic,mixed,high,0.5608060828041328,0.07016780586061588,0.8748804479620406,True
logistic,mixed,high,0.46398980792071803,0.10850369781955527,0.766150687003678,True
logistic,mixed,high,0.545040519724064,0.12054593935011526,0.7788312336647123,True
logistic,mixed,high,0.548936170212766,0.05018864031597259,0.9085710815949336,True
logistic,mixed,high,0.5308944802686111,0.10855041140560417,0.795532981712897,True
logistic,mixed,high,0.5062418969735013,0.025045569858122674,0.9505264775439286,True
logistic,mixed,high,0.46640192110242773,0.04873774873774872,0.8955026844174484,True
logistic,mixed,high,0.5714040194040193,0.09900867134526337,0.8267273803069665,True
logistic,mixed,high,0.5272802192483939,0.07880201630201633,0.8505500236395291,True
logistic,mixed,high,0.5572188869707615,0.08257944099668701,0.8518007143555058,True
logistic,mixed,high,0.4771331942824148,0.04593292304756458,0.903731445227479,True
logistic,mixed,high,0.5262502665813606,0.08666087962962965,0.835323827591389,True
logistic,mixed,high,0.4583306200976765,0.05876718357625499,0.8717799313435989,True
logistic,mixed,high,0.4954149216423152,0.11072430471807349,0.7765018777572966,True
logistic,mixed,high,0.491097991755022,0.08266203612255385,0.8316791403948791,True
logistic,mixed,high,0.456028621912262,0.04847299813780259,0.8937062372652377,True
logistic,mixed,high,0.4857305903663031,0.027462230369646012,0.9434620118347169,True
logistic,mixed,high,0.5020166348250642,0.07840101513453124,0.8438278541071625,True
logistic,mixed,high,0.5096687826575118,0.10875035411354972,0.7866254363343498,True
logistic,mixed,high,0.5433864057502331,0.08329826636490123,0.8467052810239254,True
logistic,mixed,high,0.5712930333423691,0.11127100495167308,0.8052295434084356,True
logistic,mixed,high,0.496144758831326,0.17745229064627888,0.6423376696263616,True
logistic,mixed,high,0.5566537229251871,0.11789629315919037,0.7882053271113479,True
logistic,mixed,high,0.5125883240721685,0.0535955978610575,0.8954412433055895,True
logistic,mixed,high,0.531642529141646,0.0535491905354919,0.8992759465237877,True
logistic,mixed,high,0.5867702391066877,0.0805737835803304,0.8626825660023287,True
logistic,mixed,high,0.5014071385594783,0.11142644035729221,0.7777725289723323,True
logistic,mixed,high,0.5051645658263305,0.06899161906214091,0.8634274378503036,True
logistic,mixed,high,0.49831745710131675,0.042168607504573186,0.9153780247839088,True
logistic,mixed,high,0.5382456140350877,0.05960188447943171,0.8892663815082266,True
logistic,mixed,high,0.5252922713005503,0.03670205427093698,0.9301302222093087,True
logistic,outcome_mismatch,low,0.01186936487156165,0.039345118221824404,,False
logistic,outcome_mismatch,low,0.016462158531124094,0.01817584942824313,,False
logistic,outcome_mismatch,low,0.08080926874293926,0.023858053165697668,0.7047609322936451,True
logistic,outcome_mismatch,low,0.036902966314731,0.005746757072313757,0.8442738444573288,True
logistic,outcome_mismatch,low,0.03204394154067114,0.04524309832620821,-0.41190802850468006,True
logistic,outcome_mismatch,low,0.022444002808659214,0.035736537605696395,-0.5922533030475622,True
logistic,outcome_mismatch,low,0.023452912956770322,0.014891783436459693,0.36503480553102147,True
logistic,outcome_mismatch,low,0.015301247771835946,0.005211968914328291,,False
logistic,outcome_mismatch,low,0.0001273236567354008,0.04769588227701049,,False
logistic,outcome_mismatch,low,0.0036795643923769328,0.0006640319020152496,,False
logistic,outcome_mismatch,low,0.08120390441850878,0.02794016011057987,0.6559259026932764,True
logistic,outcome_mismatch,low,0.039812971364709515,0.03214021384816468,0.19272004207518206,True
logistic,outcome_mismatch,low,0.030598145197180404,0.026325106850344504,0.13965024086589592,True
logistic,outcome_mismatch,low,0.04286341677646033,0.019693774477662185,0.5405458556799516,True
logistic,outcome_mismatch,low,0.01867110799438987,0.020404624788797232,,False
logistic,outcome_mismatch,low,0.010910340482804037,0.008198469642898831,,False
logistic,outcome_mismatch,low,0.06476155423523844,0.029160511389542343,0.5497249605279647,True
logistic,outcome_mismatch,low,0.014211298512180393,0.012186454849498318,,False
logistic,outcome_mismatch,low,0.0030284425870475973,0.015955731126594985,,False
logistic,outcome_mismatch,low,0.008959886714914989,0.0028210979516533063,,False
logistic,outcome_mismatch,low,0.016056612646878077,0.011928029381761629,,False
logistic,outcome_mismatch,low,0.06238818674976909,0.010155804257186651,0.8372159091925485,True
logistic,outcome_mismatch,low,0.005701590961818326,0.024899785086494486,,False
logistic,outcome_mismatch,low,0.03754106381491573,0.06404421326397924,-0.7059775817682966,True
logistic,outcome_mismatch,low,0.02851618444862536,0.05669338897430265,-0.9881127181107004,True
logistic,outcome_mismatch,low,0.004074045876653387,0.0015138870019214545,,False
logistic,outcome_mismatch,low,0.07373306252308043,0.0021176887541428657,0.9712789801253682,True
logistic,outcome_mismatch,low,0.02075268817204301,0.030687034956551007,-0.4787016844348413,True
logistic,outcome_mismatch,low,0.08548168249660792,0.010380420738894891,0.8785655542132456,True
logistic,outcome_mismatch,low,0.06361149110807107,0.026444769893045783,0.5842768431867422,True
logistic,outcome_mismatch,low,0.05517648828455601,0.008938166758407307,0.8380076906614387,True
logistic,outcome_mismatch,low,0.07887308769661716,0.0317271146041358,0.5977447373916291,True
logistic,outcome_mismatch,low,0.04836739590376682,0.0007777615108703895,0.98391971499938,True
logistic,outcome_mismatch,low,0.04711263922655062,0.014879474145856886,0.6841723497105323,True
logistic,outcome_mismatch,low,0.011410275428966998,0.0023517581130305665,,False
logistic,outcome_mismatch,low,0.050306868990406484,0.0095427282558751,0.8103096366880853,True
logistic,outcome_mismatch,low,0.03862820242554621,0.006445746651787654,0.8331336627892151,True
logistic,outcome_mismatch,low,0.032143845896049794,0.028482629427792894,0.1139010086128752,True
logistic,outcome_mismatch,low,0.005829437597393405,0.011266649395663797,,False
logistic,outcome_mismatch,low,0.08585798259711308,0.022212432950687977,0.7412886690464253,True
logistic,outcome_mismatch,low,0.011430021951934655,0.02450096376013633,,False
logistic,outcome_mismatch,low,0.012350649189422191,0.04614511724104431,,False
logistic,outcome_mismatch,low,0.05464816739729739,0.06714918410056392,-0.2287545456443754,True
logistic,outcome_mismatch,low,0.04139098430893284,0.02095053830996374,0.4938381229691541,True
logistic,outcome_mismatch,low,0.023876970026632027,0.023612991717516296,0.011055770846187496,True
logistic,outcome_mismatch,low,0.024612907554005137,0.0178860695919133,0.2733052950908765,True
logistic,outcome_mismatch,low,0.075913506012951,0.011133084303815988,0.853345143854683,True
logistic,outcome_mismatch,low,0.025556016024312678,0.010689242045174185,0.5817328477566694,True
logistic,outcome_mismatch,low,0.04451004051485208,0.022025727427011366,0.5051514855471354,True
logistic,outcome_mismatch,low,0.08563899868247704,0.057592546480743745,0.3274962649402392,True
logistic,outcome_mismatch,low,0.03532275132275131,0.010011784853437011,0.7165627116088084,True
logistic,outcome_mismatch,low,0.004310093773661872,0.002807591728032577,,False
logistic,outcome_mismatch,low,0.003065366143907511,0.021336799568489107,,False
logistic,outcome_mismatch,low,0.022610294117647034,0.008185753640299054,0.6379634162339276,True
logistic,outcome_mismatch,low,0.0008688482441285839,0.06005421536756683,,False
logistic,outcome_mismatch,low,0.06765843541662186,0.0010380534367409044,0.9846574424851999,True
logistic,outcome_mismatch,low,0.06186409684379912,0.04927369434390483,0.2035171148086724,True
logistic,outcome_mismatch,low,0.018728243548837842,0.03032123215376925,,False
logistic,outcome_mismatch,low,0.020629270991065485,0.006560553487465981,0.6819784135703414,True
logistic,outcome_mismatch,low,0.06763281460361248,0.0349726775956285,0.4829037087898971,True
logistic,outcome_mismatch,low,0.045483767277402665,0.058592333894466386,-0.2882031854818751,True
logistic,outcome_mismatch,low,0.02519799332807049,0.014149155983898987,0.4384808425146748,True
logistic,outcome_mismatch,low,0.029084010840108365,0.016942179604462648,0.41747444334264583,True
logistic,outcome_mismatch,low,0.07008589079598793,0.04831732788308085,0.3105983624617527,True
logistic,outcome_mismatch,low,0.01231991565721613,0.00034860453604224073,,False
logistic,outcome_mismatch,low,0.0035013241371282255,0.003757756293189196,,False
logistic,outcome_mismatch,low,0.05327868852459017,0.021221955693523364,0.6016802162138691,True
logistic,outcome_mismatch,low,0.014042328042327967,0.015789473684210575,,False
logistic,outcome_mismatch,low,0.06910569105691056,0.04957167818240715,0.28266865688987286,True
logistic,outcome_mismatch,low,0.07662396831794205,0.009654268952554501,0.8740045815364814,True
logistic,outcome_mismatch,low,0.03510470100484864,0.024150962602908832,0.3120305283451035,True
logistic,outcome_mismatch,low,0.032470090458126655,0.00659815546772069,0.7967928214973822,True
logistic,outcome_mismatch,low,0.0033658310120705526,0.012259725640899166,,False
logistic,outcome_mismatch,low,0.025747983028864163,0.007017858423581713,0.7274404594831948,True
logistic,outcome_mismatch,low,0.06086401952085185,0.01741797370545506,0.7138215017250429,True
logistic,outcome_mismatch,low,0.04984691352653592,0.013373838955234363,0.731701764280454,True
logistic,outcome_mismatch,low,0.039222797927461084,0.02415307622313989,0.38420822839286584,True
logistic,outcome_mismatch,low,0.01453829005844609,0.01566923893295913,,False
logistic,outcome_mismatch,low,0.007381960767124829,0.01201348452344464,,False
logistic,outcome_mismatch,low,0.03213296398891963,0.025038152142986547,0.22079543761912457,True
logistic,outcome_mismatch,low,0.05291474562873255,0.031825222140702714,0.3985566449851417,True
logistic,outcome_mismatch,low,0.0450589445367513,0.043564529777362804,0.033165773738211085,True
logistic,outcome_mismatch,low,0.005442382826579051,0.05793700677421609,,False
logistic,outcome_mismatch,low,0.05875829293588364,0.0035956680679322117,0.9388057772227018,True
logistic,outcome_mismatch,low,0.029076020956941062,0.005884389061959205,0.7976205523213287,True
logistic,outcome_mismatch,low,0.01992409867172673,0.00488513693022552,,False
logistic,outcome_mismatch,low,0.009008927554262414,0.010200316937164278,,False
logistic,outcome_mismatch,low,0.01953732382143547,0.015155440414507781,,False
logistic,outcome_mismatch,low,0.04350332836200932,0.027074651229412883,0.37764184376621873,True
logistic,outcome_mismatch,low,0.00333099579242635,0.021037649090538957,,False
logistic,outcome_mismatch,low,0.05442796426402985,0.04943633473045239,0.09171075202010279,True
logistic,outcome_mismatch,low,0.046476703889102744,0.027715516855241207,0.4036686224269965,True
logistic,outcome_mismatch,low,0.009115545700911554,0.023263274967204706,,False
logistic,outcome_mismatch,low,0.012754300490813941,0.01207169447612988,,False
logistic,outcome_mismatch,low,0.025572005383580065,0.002292052420587165,0.9103686869212493,True
logistic,outcome_mismatch,low,0.12197334320621989,0.013543059712581518,0.8889670533201315,True
logistic,outcome_mismatch,low,0.04479515383389121,0.0005033952402373476,0.9887622834803954,True
logistic,outcome_mismatch,low,0.05159104011699034,0.007117386963343297,0.8620421889691783,True
logistic,outcome_mismatch,low,0.07192504850994819,0.022216798199224397,0.6911118079238902,True
logistic,outcome_mismatch,low,0.06935682231259555,0.014087889494553307,0.7968781004548001,True
logistic,outcome_mismatch,med,0.030524737631184462,0.019467733739837345,0.36223092315955374,True
logistic,outcome_mismatch,med,0.07847811747160716,0.006016746640490234,0.9233321741864278,True
logistic,outcome_mismatch,med,0.04330556256837503,0.0230847642615174,0.46693304757168486,True
logistic,outcome_mismatch,med,0.0033456642367534206,0.012540392741735129,,False
logistic,outcome_mismatch,med,0.09073067632850251,0.03734817813765179,0.5883621763996586,True
logistic,outcome_mismatch,med,0.08247857717561935,0.006337412587412494,0.9231629253991808,True
logistic,outcome_mismatch,med,0.13189410422657388,0.049975044563279836,0.6210972063055195,True
logistic,outcome_mismatch,med,0.12843387691699593,0.012098335269067007,0.9058010584163405,True
logistic,outcome_mismatch,med,0.07878484017133025,0.005100867816663857,0.935255719176796,True
logistic,outcome_mismatch,med,0.04211607691019703,0.03860853792835395,0.08328266161452107,True
logistic,outcome_mismatch,med,0.10451958949130591,0.002859266074524913,0.9726437303433654,True
logistic,outcome_mismatch,med,0.07080568578962876,0.006015691118278155,0.9150394343167382,True
logistic,outcome_mismatch,med,0.09403409090909098,0.0031443207913796067,0.966561905783516,True
logistic,outcome_mismatch,med,0.039319231230510954,0.012346848553745016,0.6859844873018752,True
logistic,outcome_mismatch,med,0.03605837040251714,0.07739682539682535,-1.1464315922447368,True
logistic,outcome_mismatch,med,0.06976788432267877,0.024911012816313916,0.6429444140645049,True
logistic,outcome_mismatch,med,0.0793543255509288,0.0006457486449864547,0.9918624644529047,True
logistic,outcome_mismatch,med,0.09313210648888082,0.0053835800807536804,0.9421941553378648,True
logistic,outcome_mismatch,med,0.03570611123826961,0.0022170858762901036,0.9379073833749265,True
logistic,outcome_mismatch,med,0.04504756948614286,0.03922207735767047,0.12931867789813553,True
logistic,outcome_mismatch,med,0.028974272553645708,0.007752405551928798,0.7324383023741058,True
logistic,outcome_mismatch,med,0.05490357187151185,0.017752455695927094,0.6766611881377718,True
logistic,outcome_mismatch,med,0.06628313320197776,0.05111084195591231,0.22890123796400044,True
logistic,outcome_mismatch,med,0.11821751659528701,0.027871276227625863,0.7642373395218403,True
logistic,outcome_mismatch,med,0.06024700264849103,0.013631901904896937,0.7737331102688747,True
logistic,outcome_mismatch,med,0.0736907404988899,0.030895805764915796,0.580736934440478,True
logistic,outcome_mismatch,med,0.08753323574224003,0.016731174720545305,0.8088591769894836,True
logistic,outcome_mismatch,med,0.05708803116079697,0.08528913443830577,-0.4939932715156383,True
logistic,outcome_mismatch,med,0.02828904428904433,0.001966379873356572,0.9304897028946961,True
logistic,outcome_mismatch,med,0.18216853609433414,0.050437343490988606,0.7231281286419838,True
logistic,outcome_mismatch,med,0.09919463703567655,0.053518273340382616,0.46047210877807715,True
logistic,outcome_mismatch,med,0.07333974473668514,0.01304354013027531,0.8221490928676382,True
logistic,outcome_mismatch,med,0.09756720283036069,0.03471427966281193,0.6442013437325925,True
logistic,outcome_mismatch,med,0.08799151779097747,0.009222138901707422,0.895192864798463,True
logistic,outcome_mismatch,med,0.06176254612717613,0.08029500981383453,-0.3000599044038427,True
logistic,outcome_mismatch,med,0.04886736753321075,0.003937950328832596,0.919415541953302,True
logistic,outcome_mismatch,med,0.09563598383361338,0.018621796399574175,0.8052846255864089,True
logistic,outcome_mismatch,med,0.10251643192488269,0.026064193034372907,0.7457559481442835,True
logistic,outcome_mismatch,med,0.09968987494009574,0.010364789511769446,0.8960296668242617,True
logistic,outcome_mismatch,med,0.020418734034763464,0.010498644541197755,0.48583273951639117,True
logistic,outcome_mismatch,med,0.04458492824059279,0.03688584595862765,0.17268351852937233,True
logistic,outcome_mismatch,med,0.05529136807337276,0.006959752764429505,0.8741258715972849,True
logistic,outcome_mismatch,med,0.08107720546059416,0.0029487945805938276,0.9636297950349679,True
logistic,outcome_mismatch,med,0.11359858161806502,0.04831309041835363,0.5747034009562788,True
logistic,outcome_mismatch,med,0.07908801950667277,0.011443681369128544,0.8553044893460378,True
logistic,outcome_mismatch,med,0.0851114620441441,0.0024293634313987678,0.9714566831182062,True
logistic,outcome_mismatch,med,0.09000382995021061,0.028941036381507357,0.6784466127995075,True
logistic,outcome_mismatch,med,0.11925516553137128,0.005156428181863348,0.9567613850612878,True
logistic,outcome_mismatch,med,0.1051645163190763,0.01075329834019012,0.8977478457889363,True
logistic,outcome_mismatch,med,0.056596363209243994,0.018511233499431845,0.672925388668642,True
logistic,outcome_mismatch,med,0.04892189433913097,0.03390349261505354,0.30698733004835244,True
logistic,outcome_mismatch,med,0.04856650946927166,0.001496247870724221,0.9691917766568976,True
logistic,outcome_mismatch,med,0.09758563362139983,0.0016697545689517979,0.9828893402954179,True
logistic,outcome_mismatch,med,0.1407187378974213,0.005424622055732131,0.9614506061041673,True
logistic,outcome_mismatch,med,0.09668255131964809,0.06060426316669276,0.37316235101900336,True
logistic,outcome_mismatch,med,0.11071500330089845,0.008430309141616465,0.9238557657926019,True
logistic,outcome_mismatch,med,0.11074749510722581,0.017536727797180518,0.8416512465568504,True
logistic,outcome_mismatch,med,0.0921226636887269,0.02512366757582918,0.7272802742578146,True
logistic,outcome_mismatch,med,0.1434884065552463,0.012580515297906603,0.9123238204400659,True
logistic,outcome_mismatch,med,0.1061850311850312,0.004399751974766164,0.9585652334828678,True
logistic,outcome_mismatch,med,0.11001524859720413,0.03355931799902401,0.6949575770001317,True
logistic,outcome_mismatch,med,0.0988438431445604,0.006836689038031363,0.930833435644215,True
logistic,outcome_mismatch,med,0.07987832990363097,0.04358469735515769,0.4543614343497123,True
logistic,outcome_mismatch,med,0.08503872505212984,0.013342680135215446,0.8430987749753279,True
logistic,outcome_mismatch,med,0.09752161836971074,0.0064163244451987955,0.9342061324200538,True
logistic,outcome_mismatch,med,0.06586126998313846,0.003544459045116022,0.9461829532588203,True
logistic,outcome_mismatch,med,0.0081910325315655,0.024857580289112002,,False
logistic,outcome_mismatch,med,0.12345423500801977,0.015094220709648942,0.877734281787349,True
logistic,outcome_mismatch,med,0.04687834283484982,0.003455975899671171,0.9262777715533501,True
logistic,outcome_mismatch,med,0.06691733199776095,0.024948202357262028,0.6271787650156645,True
logistic,outcome_mismatch,med,0.06060448784259265,0.003540174189101686,0.9415856099915152,True
logistic,outcome_mismatch,med,0.10029694859717397,0.021825780602376388,0.7823883886035655,True
logistic,outcome_mismatch,med,0.08420700920700919,0.022715837530652427,0.7302381625404929,True
logistic,outcome_mismatch,med,0.10898760710476962,0.05810070598968631,0.4669053892170127,True
logistic,outcome_mismatch,med,0.11003233823397307,0.001449919566505753,0.9868227869208538,True
logistic,outcome_mismatch,med,0.08178616352201262,0.036503856041131155,0.5536670939295716,True
logistic,outcome_mismatch,med,0.08909697398527883,0.04052004333694481,0.5452141467381396,True
logistic,outcome_mismatch,med,0.09102692664809653,0.026267809871434622,0.711428136281212,True
logistic,outcome_mismatch,med,0.09283017278890549,0.0386433796654202,0.583719619338696,True
logistic,outcome_mismatch,med,0.07063513807144006,0.004643147941367776,0.9342657483493312,True
logistic,outcome_mismatch,med,0.05513341061973809,0.007634665048475209,0.8615238026696292,True
logistic,outcome_mismatch,med,0.0580034119654097,0.014854436978481989,0.7439040829642846,True
logistic,outcome_mismatch,med,0.1023624122661686,0.011130600952625413,0.8912628111607708,True
logistic,outcome_mismatch,med,0.1331416676778897,0.004134002345658305,0.9689503487694047,True
logistic,outcome_mismatch,med,0.0801587301587301,0.0029029891217660087,0.9637844921443052,True
logistic,outcome_mismatch,med,0.07217505138944558,0.05053785507841224,0.29978775067692465,True
logistic,outcome_mismatch,med,0.11313521201420018,0.06139891758077287,0.45729612834361083,True
logistic,outcome_mismatch,med,0.042910618792971755,0.028154402725085514,0.3438826212010518,True
logistic,outcome_mismatch,med,0.1139205030550049,0.009508010574312942,0.9165381970818534,True
logistic,outcome_mismatch,med,0.07623545377684726,0.015444302721088432,0.7974131200648946,True
logistic,outcome_mismatch,med,0.17000544592274347,0.04219591267530709,0.7517967001216984,True
logistic,outcome_mismatch,med,0.13918743578012616,0.013121061846699034,0.9057309894879713,True
logistic,outcome_mismatch,med,0.13117578067732005,0.0038833427786738595,0.970395885897363,True
logistic,outcome_mismatch,med,0.014567977678971111,0.0026273800659504243,,False
logistic,outcome_mismatch,med,0.033168996091864855,0.00011138958507384,0.9966417559106904,True
logistic,outcome_mismatch,med,0.011977434901184303,0.030022637238256933,,False
logistic,outcome_mismatch,med,0.05563667705561981,0.03534233862652103,0.36476546593195336,True
logistic,outcome_mismatch,med,0.06413631817379539,0.00670497246078261,0.8954574778893044,True
logistic,outcome_mismatch,med,0.06108654226440868,0.03238439105679769,0.46986046588421726,True
logistic,outcome_mismatch,med,0.08798068229763134,0.027264967771312265,0.6901027923484709,True
logistic,outcome_mismatch,high,0.10751979146181101,0.049432861076058265,0.5402440759605093,True
logistic,outcome_mismatch,high,0.11119293078055958,0.0029064942250501824,0.9738608002806745,True
logistic,outcome_mismatch,high,0.19625940561901145,0.001870874117914867,0.9904673403447135,True
logistic,outcome_mismatch,high,0.1050679397012163,0.01987387387387385,0.8108474009256338,True
logistic,outcome_mismatch,high,0.14155449413808086,0.030028368794326243,0.7878670756646218,True
logistic,outcome_mismatch,high,0.11137777305212304,0.013844552882113836,0.8756973451459223,True
logistic,outcome_mismatch,high,0.16724131333231285,0.0380571315663194,0.7724418039536745,True
logistic,outcome_mismatch,high,0.12772154223005305,0.021960970012657954,0.828055865680813,True
logistic,outcome_mismatch,high,0.22744173183585048,0.0029784900675455805,0.9869043818673733,True
logistic,outcome_mismatch,high,0.12055994843066298,0.033986928104575154,0.7180910530654226,True
logistic,outcome_mismatch,high,0.14438147457015382,0.00441198286168043,0.9694421817285382,True
logistic,outcome_mismatch,high,0.1570765341657565,0.014581015182178692,0.9071725432470267,True
logistic,outcome_mismatch,high,0.10012876118189207,0.00369083135976378,0.9631391488699328,True
logistic,outcome_mismatch,high,0.08588231657367196,0.055938031529110255,0.3486664803559969,True
logistic,outcome_mismatch,high,0.19494070331817215,0.0005250316563204516,0.9973067109773195,True
logistic,outcome_mismatch,high,0.08973113054745707,0.028596373311899348,0.6813104533796632,True
logistic,outcome_mismatch,high,0.14643584870122084,0.0053842905405405705,0.963231062691989,True
logistic,outcome_mismatch,high,0.1994671843455128,0.048979591836734726,0.7544478707239717,True
logistic,outcome_mismatch,high,0.11009135115820212,0.01812993117340944,0.835319205526358,True
logistic,outcome_mismatch,high,0.1562996453655774,0.062212295657827155,0.6019677747040592,True
logistic,outcome_mismatch,high,0.1243185361985143,0.0027173913043477826,0.9781417044678792,True
logistic,outcome_mismatch,high,0.1308221813347351,0.021351632709426527,0.8367888954947629,True
logistic,outcome_mismatch,high,0.13863911872778967,0.0056242969628796935,0.9594321067928693,True
logistic,outcome_mismatch,high,0.14949626259343507,0.05377797961865838,0.6402720798117132,True
logistic,outcome_mismatch,high,0.0558411325953726,0.023340058694057197,0.5820274838767987,True
logistic,outcome_mismatch,high,0.1525963688811658,0.006513336323061503,0.9573165706968181,True
logistic,outcome_mismatch,high,0.0993283402172982,0.0008860175028567729,0.991079912329971,True
logistic,outcome_mismatch,high,0.11597841900123695,0.00497432174450807,0.9571099365955746,True
logistic,outcome_mismatch,high,0.12807760460055828,0.017136064143260077,0.8662056165345757,True
logistic,outcome_mismatch,high,0.12104083684448841,0.0063274017601488985,0.9477250659768797,True
logistic,outcome_mismatch,high,0.2068845333770707,0.048215913298584434,0.7669428810770237,True
logistic,outcome_mismatch,high,0.14792421033454028,0.005218900421246175,0.9647190922334938,True
logistic,outcome_mismatch,high,0.1303307860598404,0.02770625469370236,0.7874158859060265,True
logistic,outcome_mismatch,high,0.1173258791483458,0.012561427248771406,0.8929355796014207,True
logistic,outcome_mismatch,high,0.1535177699816962,0.01271025123186642,0.917206644980696,True
logistic,outcome_mismatch,high,0.11536917981687123,0.02496019874385491,0.7836493352602927,True
logistic,outcome_mismatch,high,0.12970604621297255,0.04695781179521874,0.6379674412546987,True
logistic,outcome_mismatch,high,0.12738234727021935,0.057501680107526876,0.5485898843931089,True
logistic,outcome_mismatch,high,0.09454948256502083,0.002601977795481658,0.9724802534620716,True
logistic,outcome_mismatch,high,0.11207418278650694,0.0052831181357827495,0.9528605250163037,True
logistic,outcome_mismatch,high,0.10396157921182436,0.015743904852053348,0.8485603530514408,True
logistic,outcome_mismatch,high,0.12560956518335875,0.07930812045500213,0.3686140037247006,True
logistic,outcome_mismatch,high,0.16825882129006153,0.0009451976820898933,0.9943824776921475,True
logistic,outcome_mismatch,high,0.13520936284825147,0.03766157214433086,0.7214573654444383,True
logistic,outcome_mismatch,high,0.10905100490982012,0.03904128239854965,0.6419906223621241,True
logistic,outcome_mismatch,high,0.16484624367458156,0.04296893329338858,0.739339324114583,True
logistic,outcome_mismatch,high,0.14289331259601634,0.005748477401431806,0.9597708437365174,True
logistic,outcome_mismatch,high,0.12521048879640861,0.026893954254776475,0.7852100529812174,True
logistic,outcome_mismatch,high,0.10033095974526363,0.04704110193445199,0.531140716146965,True
logistic,outcome_mismatch,high,0.11945155091309934,0.021994493049695696,0.815871013129862,True
logistic,outcome_mismatch,high,0.19545748629413973,0.09358588758315911,0.5211956862971022,True
logistic,outcome_mismatch,high,0.13537870505344995,0.05545809687862169,0.5903484461849016,True
logistic,outcome_mismatch,high,0.200952380952381,0.011116926694963891,0.9446788008070517,True
logistic,outcome_mismatch,high,0.12555465782557407,0.00719437065902262,0.9426992930121529,True
logistic,outcome_mismatch,high,0.14096725222294515,0.030919269719013043,0.7806634574240475,True
logistic,outcome_mismatch,high,0.16288998297110646,0.005309456430853343,0.9674046473944617,True
logistic,outcome_mismatch,high,0.20093678811077187,0.019244365885991987,0.9042267667014613,True
logistic,outcome_mismatch,high,0.06948475881827998,0.01691440553953716,0.7565738756642654,True
logistic,outcome_mismatch,high,0.15096586373667653,0.007070424682949161,0.9531654076759909,True
logistic,outcome_mismatch,high,0.17843648888425,0.017423397133293328,0.9023551895565727,True
logistic,outcome_mismatch,high,0.1510004510800862,0.007335659853286769,0.9514196162937543,True
logistic,outcome_mismatch,high,0.1402074542897328,0.009521811347145692,0.9320876953698248,True
logistic,outcome_mismatch,high,0.13633446605507427,0.00029141646061470183,0.99786248870849,True
logistic,outcome_mismatch,high,0.16674466593604065,0.029211542733480922,0.8248127304732747,True
logistic,outcome_mismatch,high,0.1588635978363051,0.07222342498376266,0.5453746108772979,True
logistic,outcome_mismatch,high,0.17632852076039163,0.018012200283116564,0.897848628200126,True
logistic,outcome_mismatch,high,0.08697955047899786,0.010903320747207346,0.8746450092330602,True
logistic,outcome_mismatch,high,0.13492781215294303,0.004042275464230083,0.9700411990698545,True
logistic,outcome_mismatch,high,0.1795851226205446,0.011989355327623352,0.9332385937505729,True
logistic,outcome_mismatch,high,0.18951142189522996,0.014735264735264653,0.9222460335746363,True
logistic,outcome_mismatch,high,0.08936402236710828,0.0033087540177727526,0.9629744282975495,True
logistic,outcome_mismatch,high,0.1173548328518671,0.02376903848389722,0.797460079774473,True
logistic,outcome_mismatch,high,0.17457909904444102,0.031240354592111386,0.8210532946778537,True
logistic,outcome_mismatch,high,0.15073107743724123,0.013459003027561978,0.9107085064580275,True
logistic,outcome_mismatch,high,0.1494444538334282,0.009193232662192408,0.938483948876154,True
logistic,outcome_mismatch,high,0.22214162905652268,0.0012549248504304389,0.9943507893781083,True
logistic,outcome_mismatch,high,0.19841655670532676,0.04727564102564108,0.7617354024752517,True
logistic,outcome_mismatch,high,0.13373822649954215,0.026483383254885196,0.8019759649274558,True
logistic,outcome_mismatch,high,0.16679301133492164,0.0014546666504651196,0.9912786115028277,True
logistic,outcome_mismatch,high,0.16192252577801314,0.025474767602220116,0.8426731087610094,True
logistic,outcome_mismatch,high,0.15644586083921397,0.03579368052953669,0.7712072384815386,True
logistic,outcome_mismatch,high,0.06404001633949141,0.016743151161173753,0.7385517350212044,True
logistic,outcome_mismatch,high,0.15759553039367546,0.048155459051629546,0.694436390858696,True
logistic,outcome_mismatch,high,0.1337054229295609,0.03205438526120685,0.7602611430495692,True
logistic,outcome_mismatch,high,0.2012741965428625,0.007813735724905846,0.9611786515156111,True
logistic,outcome_mismatch,high,0.15001167133520077,0.0066842153558827055,0.9554420313007057,True
logistic,outcome_mismatch,high,0.18915034478540738,0.017916592088777605,0.9052785650002165,True
logistic,outcome_mismatch,high,0.14321446114549563,0.015561157806280312,0.8913436696139834,True
logistic,outcome_mismatch,high,0.13644610756024367,0.019029386392883874,0.8605355130084453,True
logistic,outcome_mismatch,high,0.11725345670299803,0.024892148403796388,0.78770648555933,True
logistic,outcome_mismatch,high,0.17380901006426952,0.018349656647528967,0.8944263209327077,True
logistic,outcome_mismatch,high,0.17781445345580726,0.048443627815894175,0.7275607979306699,True
logistic,outcome_mismatch,high,0.1432391138273491,0.002223709454334477,0.9844755430628063,True
logistic,outcome_mismatch,high,0.1040541286501746,0.012963383292941,0.8754169251993515,True
logistic,outcome_mismatch,high,0.14186027590617456,0.034255773546658874,0.7585245529247707,True
logistic,outcome_mismatch,high,0.16280639239822914,0.020592206790123413,0.8735172096943572,True
logistic,outcome_mismatch,high,0.11114396089561651,0.008728647276084911,0.921465393119446,True
logistic,outcome_mismatch,high,0.133826164874552,0.023861231860060617,0.8216998007644617,True
logistic,outcome_mismatch,high,0.15433872583664054,0.011876677082686693,0.9230479776329271,True
logistic,outcome_mismatch,high,0.06781436636558125,0.04882124608792471,0.28007517131792264,True
logistic,null,na,0.036754945550615314,0.036288262836341345,0.012697140678151721,True
logistic,null,na,0.016534981176614894,0.0059309862001271085,,False
logistic,null,na,0.028201831913867936,0.023366771383692697,0.17144490985345007,True
logistic,null,na,0.013116325299066367,0.02133732570294644,,False
logistic,null,na,0.03742599578935468,0.041306843267108095,-0.10369390034659459,True
logistic,null,na,0.042916716434962865,0.030661556407265422,0.28555679571313985,True
logistic,null,na,0.04032984597500722,0.00342186498922481,0.9151530360084843,True
logistic,null,na,0.0422270114942529,0.0005580357142856984,0.9867848636562488,True
logistic,null,na,0.009859365676283205,0.016257042526318766,,False
logistic,null,na,0.05057722653425423,0.015592400863020384,0.6917110341655412,True
logistic,null,na,0.0023055257845019383,0.007108169499490891,,False
logistic,null,na,0.022370173102529978,0.03788529982169109,-0.6935631051244038,True
logistic,null,na,0.1248130641805727,0.035575290583779506,0.7149714189188471,True
logistic,null,na,0.03864268509491309,0.012281893752924433,0.6821676929861891,True
logistic,null,na,0.02409837844183149,0.04020785416134254,-0.6684879548387869,True
logistic,null,na,0.026821524064171154,0.055178151526702246,-1.0572340108148652,True
logistic,null,na,0.003990610328638455,0.018373608750851034,,False
logistic,null,na,0.05053078783087439,0.08024401020509964,-0.5880221474811524,True
logistic,null,na,0.008282648953372829,0.03125161111397534,,False
logistic,null,na,0.009875059642674211,0.028785951522860564,,False
logistic,null,na,0.0011861497192368065,0.0015895387158646468,,False
logistic,null,na,0.039057896449521956,0.01893913401495917,0.5151010234400124,True
logistic,null,na,0.028026374409694466,0.03603516981293331,-0.2857592382862252,True
logistic,null,na,0.00430332223560248,0.01515951228843282,,False
logistic,null,na,0.012905815009610744,0.0371412730680889,,False
logistic,null,na,0.034317790615831734,0.026365417265247437,0.23172742789903408,True
logistic,null,na,0.0012945862755747717,0.025312732338653166,,False
logistic,null,na,0.012310996499171667,0.047683663256853026,,False
logistic,null,na,0.028852957034027793,0.0459953893726649,-0.5941308656308656,True
logistic,null,na,0.009221723880167954,0.007047284833760825,,False
logistic,null,na,0.007097935764218244,0.00990613915220373,,False
logistic,null,na,0.0054634622002982525,0.005258743063621063,,False
logistic,null,na,0.00308739278376291,0.03071033263792311,,False
logistic,null,na,0.002885295118736919,0.047864644148083,,False
logistic,null,na,0.029510811768876266,0.0368114015655,-0.24738695274805492,True
logistic,null,na,0.02552279936273738,0.056655913978494676,-1.2198158271467208,True
logistic,null,na,0.03404255319148941,0.04023657441954287,-0.1819493735740701,True
logistic,null,na,0.018833933835571526,0.03119663171678777,,False
logistic,null,na,0.0038339978814836417,0.009926353417459843,,False
logistic,null,na,0.021809314713504113,0.021454659405255816,0.016261643839212345,True
logistic,null,na,0.041171321169261366,0.05206498336269327,-0.2645934569028392,True
logistic,null,na,0.02969410428772712,0.0007427213309565417,0.9749875825935077,True
logistic,null,na,0.026234916617706827,0.02057737635844059,0.21564925635966276,True
logistic,null,na,0.025902661963074336,0.06597098939164314,-1.5468806829849535,True
logistic,null,na,0.03803816025324569,0.029765441530147485,0.21748472239511943,True
logistic,null,na,0.03739352045803657,0.013456937277164682,0.6401264948491221,True
logistic,null,na,0.010289979199804233,0.006584631313113709,,False
logistic,null,na,0.06253055152137721,0.03418573351278609,0.45329550625986287,True
logistic,null,na,0.00827792896758417,0.0018471452817671041,,False
logistic,null,na,0.029434492448191074,0.02214524006324703,0.24764321646701312,True
logistic,null,na,0.004064865020558361,0.04248464080415881,,False
logistic,null,na,0.03397269925143109,0.020595985429745056,0.393748925355778,True
logistic,null,na,0.055947228814742456,0.03428114659108361,0.3872592563145807,True
logistic,null,na,0.03207366523991895,0.012685681116593184,0.6044829606563157,True
logistic,null,na,0.03425717300781472,0.0009521143535696774,0.9722068615132813,True
logistic,null,na,0.03750561608697911,0.016700557817946438,0.5547184779149809,True
logistic,null,na,0.015959394007659444,0.016855712565743586,,False
logistic,null,na,0.014977164380722385,0.028683341906721505,,False
logistic,null,na,0.04365124636358453,0.004146505088568175,0.905008323152318,True
logistic,null,na,0.012853443189406288,0.0035764747439067657,,False
logistic,null,na,0.010075408462505209,0.02740703433224201,,False
logistic,null,na,0.04333123828025576,0.050138600138600165,-0.15710056136213027,True
logistic,null,na,0.0413240877746448,0.010109803456349042,0.7553532576089409,True
logistic,null,na,0.013631606488749282,0.0001465983937004589,,False
logistic,null,na,0.05409356725146197,0.008869629053376626,0.836031722364605,True
logistic,null,na,0.02840077098749827,0.04868101939144731,-0.7140738683775945,True
logistic,null,na,0.035127740382287276,0.006691565515094977,0.8095076585549716,True
logistic,null,na,0.006063519253290406,0.00442661913250153,,False
logistic,null,na,0.03627949294443911,0.00918638846099984,0.746788399852542,True
logistic,null,na,0.03535797807290442,0.004613337910908899,0.8695248381738152,True
logistic,null,na,0.008517651546365856,0.021246897147174204,,False
logistic,null,na,0.0056221718267501775,0.020021100669823655,,False
logistic,null,na,0.015274104134207711,0.0013315964683745518,,False
logistic,null,na,0.04877073361441442,0.002227063664972162,0.9543360638660981,True
logistic,null,na,0.03887635296115344,0.07015437392795887,-0.8045513167878552,True
logistic,null,na,0.030283633034675073,0.03002465030956203,0.008551904086821617,True
logistic,null,na,0.012523663899810633,0.02288357504604055,,False
logistic,null,na,0.0006704431378173892,0.015243656397224581,,False
logistic,null,na,0.02110314523589274,0.018589415830904787,0.11911633914704527,True
logistic,null,na,0.0010973633819414408,0.025605324758321224,,False
logistic,null,na,0.005139482236754422,0.007000431903253612,,False
logistic,null,na,0.0018572706998678523,0.03573516230856166,,False
logistic,null,na,0.048207706584669885,0.012664518396797275,0.7372926593271166,True
logistic,null,na,0.052445806999006916,0.028776242040914335,0.45131472490338026,True
logistic,null,na,0.04410351996558892,0.005162517040970038,0.8829454645570691,True
logistic,null,na,0.033249240275161074,0.03745079148579944,-0.12636532972986889,True
logistic,null,na,0.021661821543924598,0.062280664813722963,-1.8751351629147996,True
logistic,null,na,0.009986904805208918,0.04554686502944438,,False
logistic,null,na,0.014604163961390304,0.04078947368421049,,False
logistic,null,na,0.04772735219048285,0.025635111190328908,0.46288427885088673,True
logistic,null,na,0.032075945132151173,0.01652797604540235,0.4847236464176512,True
logistic,null,na,0.016625272984199024,0.013103241553547806,,False
logistic,null,na,0.017304215964291547,0.016093324834303258,,False
logistic,null,na,0.033811743847597664,0.032919727422215606,0.02638185209857008,True
logistic,null,na,0.021109747680036817,0.03294312107041608,-0.560564416483761,True
logistic,null,na,0.02333585404884908,0.04766481972909664,-1.0425573295633233,True
logistic,null,na,0.014618318295819721,0.0074319302749813465,,False
logistic,null,na,0.041258611854466776,0.001601138587439932,0.961192620995401,True
logistic,null,na,0.016808982231750313,0.0561768530559168,,False
logistic,null,na,0.08582360048328641,0.04118476727785614,0.5201230541956043,True
hgb,measurement,low,0.2067694258165682,0.0038663188242638036,0.9813013030867835,True
hgb,measurement,low,0.16443339790684353,0.0021661296097386096,0.9868267052964156,True
hgb,measurement,low,0.2425033951565737,0.010383350560747795,0.9571826590137276,True
hgb,measurement,low,0.27521937910183614,0.02473412840508793,0.9101294084529714,True
hgb,measurement,low,0.2357867355340968,0.022656092538228978,0.9039127774218974,True
hgb,measurement,low,0.18014725786367825,0.0018508983119250866,0.9897256370489652,True
hgb,measurement,low,0.3303360997753221,0.004664112388250263,0.9858807063732284,True
hgb,measurement,low,0.22994508465061925,0.03070258581348151,0.8664786165786874,True
hgb,measurement,low,0.219423705364597,0.002264808986189193,0.9896783759875627,True
hgb,measurement,low,0.20189799931876895,0.00293040293040292,0.985485725761075,True
hgb,measurement,low,0.25207033571004167,0.019529248561360513,0.9225246060535058,True
hgb,measurement,low,0.19745715892026616,0.028573236317621098,0.8552939965617602,True
hgb,measurement,low,0.2681818181818182,0.007006122607145615,0.9738754750242028,True
hgb,measurement,low,0.286439333485332,0.011148793374268218,0.9610779942872646,True
hgb,measurement,low,0.20930845758596417,0.009859819242427403,0.9528933548307387,True
hgb,measurement,low,0.2640886287625418,0.021359120693299483,0.9191213919607846,True
hgb,measurement,low,0.2516804556502099,0.060828962974606715,0.7583087537828209,True
hgb,measurement,low,0.2862965680280427,0.031805967214547426,0.8889055239690054,True
hgb,measurement,low,0.30587633456171426,0.01363766867642846,0.9554144367004734,True
hgb,measurement,low,0.2384182381086405,0.03573513461080591,0.8501157675927359,True
hgb,measurement,low,0.29343811246796314,0.009581189071587004,0.9673485185990178,True
hgb,measurement,low,0.2692679621381632,0.03432821118991325,0.8725128273065801,True
hgb,measurement,low,0.2629243512797471,0.011204301075268819,0.9573858373302683,True
hgb,measurement,low,0.18765840193913996,0.004136489852002434,0.977957342654213,True
hgb,measurement,low,0.25246309047866966,0.008276473897552039,0.967217093469545,True
hgb,measurement,low,0.2680322900595107,0.02425874150012075,0.9094932125725053,True
hgb,measurement,low,0.27505400604867747,0.08065905261187045,0.7067519438433634,True
hgb,measurement,low,0.16008731190785808,0.00856178170945765,0.9465180493855404,True
hgb,measurement,low,0.29551223335657417,0.027322629057790815,0.9075414619982162,True
hgb,measurement,low,0.2430082140110852,0.01324181682959824,0.9455087685678222,True
hgb,measurement,low,0.2543091590380876,0.012533089995753643,0.950717111239094,True
hgb,measurement,low,0.29161421608063987,0.01935052909117907,0.9336433958835941,True
hgb,measurement,low,0.22149253013785886,0.0071541199261160315,0.9677004009044312,True
hgb,measurement,low,0.20037228293503062,0.041789842406979916,0.7914390064591419,True
hgb,measurement,low,0.21777369890252762,0.004248185909800695,0.9804926585202461,True
hgb,measurement,low,0.14736585874743546,0.0019134086057746025,0.9870159301344423,True
hgb,measurement,low,0.2935993830730672,0.06566451295724451,0.776346556760636,True
hgb,measurement,low,0.2541158236685652,0.024183028817600927,0.9048346204164679,True
hgb,measurement,low,0.2617615671022363,0.019170802097631445,0.9267623497602919,True
hgb,measurement,low,0.20393845285149625,0.005848756061286098,0.9713209746396132,True
hgb,measurement,low,0.26819978489762086,0.00862938935228097,0.9678247715389666,True
hgb,measurement,low,0.25232046034540034,3.7065015567216975e-05,0.9998531034085921,True
hgb,measurement,low,0.24817837365199646,0.004481443343823832,0.9819426516586499,True
hgb,measurement,low,0.1997014759840664,0.014311566698602007,0.9283351981847952,True
hgb,measurement,low,0.2362249862707504,0.026671709752157824,0.8870919195584673,True
hgb,measurement,low,0.24476445101690258,0.0207629504504504,0.9151717074755411,True
hgb,measurement,low,0.24501900954756062,0.022993951793822465,0.906154417013268,True
hgb,measurement,low,0.26754896119984495,0.016788965674389145,0.9372489969720021,True
hgb,measurement,low,0.2729137376499817,0.005973639455782331,0.9781116205170893,True
hgb,measurement,low,0.16480014164932943,0.022781231152187553,0.8617644928930784,True
hgb,measurement,low,0.2933549210982396,0.007854898600399896,0.973223907166809,True
hgb,measurement,low,0.22952582159624413,0.011113632817486785,0.951580032520103,True
hgb,measurement,low,0.20238765990855778,0.045349826769074064,0.7759259295277,True
hgb,measurement,low,0.2333220197442477,0.006380200713909545,0.9726549567807483,True
hgb,measurement,low,0.29682576771388713,0.03284079678169238,0.889360020746757,True
hgb,measurement,low,0.2722107754617078,0.038261886426513736,0.8594402210507053,True
hgb,measurement,low,0.2216501976284585,0.020282157676348556,0.9084947458050701,True
hgb,measurement,low,0.16071121386646847,0.006553474531769687,0.9592220457172651,True
hgb,measurement,low,0.35152664285364776,0.010652463382157085,0.9696965689551102,True
hgb,measurement,low,0.2417974747359013,0.012181285782963958,0.9496219478873023,True
hgb,measurement,low,0.2451828775816315,0.00664292175486203,0.9729062574826404,True
hgb,measurement,low,0.17511303072743856,0.013857983484151792,0.9208626369689096,True
hgb,measurement,low,0.18533672506658072,0.023833870982235106,0.8714023301443738,True
hgb,measurement,low,0.234703157110839,0.0021100882744267135,0.9910095445651367,True
hgb,measurement,low,0.22045715478551298,0.0375061349207606,0.8298710923796007,True
hgb,measurement,low,0.2742192095189424,0.04080945196790575,0.8511794558831345,True
hgb,measurement,low,0.23997162767429125,0.014373197296482787,0.9401045972151706,True
hgb,measurement,low,0.3234028664544778,0.0186388478450501,0.9423664729710313,True
hgb,measurement,low,0.21534277763723753,0.017401709641649,0.919190651144272,True
hgb,measurement,low,0.2461198374003709,0.030914273580254004,0.8743934097032383,True
hgb,measurement,low,0.24613667034719666,0.028222811671087533,0.885336826766703,True
hgb,measurement,low,0.18482142857142858,0.01374871387358756,0.9256108234859031,True
hgb,measurement,low,0.14006613392119038,0.01819727891156464,0.8700808082430295,True
hgb,measurement,low,0.3296529931534905,0.0006922810661127432,0.9978999703309522,True
hgb,measurement,low,0.30602904040404044,0.0066728629810420825,0.9781953275668476,True
hgb,measurement,low,0.3121939123426942,0.016296756169486337,0.9477992506413853,True
hgb,measurement,low,0.19409054071882248,0.05141600703605986,0.7350926694024422,True
hgb,measurement,low,0.2697873130862821,0.09163638681710962,0.6603384133641492,True
hgb,measurement,low,0.18999827328055408,0.011179769770573111,0.9411585717199392,True
hgb,measurement,low,0.2745329316355919,0.021621487439181908,0.9212426454255705,True
hgb,measurement,low,0.21664794652077035,0.015635293148880014,0.9278308730824687,True
hgb,measurement,low,0.24649335682026874,0.017351823296374413,0.9296053105843881,True
hgb,measurement,low,0.2104753968702333,0.03339534059704141,0.8413337563742379,True
hgb,measurement,low,0.212965583781083,0.018133277858678243,0.9148534822541173,True
hgb,measurement,low,0.1558286044051168,0.03527026211216733,0.7736598986635782,True
hgb,measurement,low,0.2743362831858407,0.05856648123909258,0.786515729676856,True
hgb,measurement,low,0.22344326655117874,0.0004478606840810917,0.9979956402759691,True
hgb,measurement,low,0.2788992272512222,0.018643680412707697,0.9331526279349848,True
hgb,measurement,low,0.2671006052301016,0.01068372282560548,0.9600011283523612,True
hgb,measurement,low,0.24841172503342168,0.007752182823773879,0.9687930075654404,True
hgb,measurement,low,0.2526649191786807,0.037501731504864244,0.8515752340025344,True
hgb,measurement,low,0.21874406631783627,8.003201280504246e-05,0.9996341294456474,True
hgb,measurement,low,0.2764058533004229,0.018483338962062335,0.9331297121918292,True
hgb,measurement,low,0.22673098209855347,0.023931696049529827,0.8944489375557532,True
hgb,measurement,low,0.24770795406970458,0.008281209651966881,0.9665686566946633,True
hgb,measurement,low,0.26855974124809745,0.011514298171006243,0.9571257474501018,True
hgb,measurement,low,0.26597496029376566,0.007606808932712927,0.971400281724598,True
hgb,measurement,low,0.30357704668175267,0.049233844103930724,0.8378209267068081,True
hgb,measurement,low,0.2351241725022003,0.018419835997761425,0.9216591139833186,True
hgb,measurement,low,0.2954199223549069,0.02172631000061498,0.9264561786238852,True
hgb,measurement,med,0.5417494270435448,0.022338403889904934,0.9587661697921659,True
hgb,measurement,med,0.4557655545426551,0.0004543026973790054,0.9990032096702989,True
hgb,measurement,med,0.5440753976595893,0.027470043768386243,0.9495105937769799,True
hgb,measurement,med,0.5199590716832097,0.016622016130742434,0.9680320682223436,True
hgb,measurement,med,0.5220868510186543,0.010950595738262958,0.9790253370355966,True
hgb,measurement,med,0.5636600455877565,0.024420013478055225,0.9566759899531441,True
hgb,measurement,med,0.55091912354432,0.036537226557844193,0.9336795093937144,True
hgb,measurement,med,0.41519895629484666,0.01659480157554616,0.9600316876428715,True
hgb,measurement,med,0.5621143308485955,0.0231090150553237,0.9588891195489765,True
hgb,measurement,med,0.5729834701797318,0.02829361925576901,0.9506205314319208,True
hgb,measurement,med,0.5594104100698716,0.0327380530220287,0.9414775763326613,True
hgb,measurement,med,0.5742311292951008,0.008070326872926636,0.9859458561871535,True
hgb,measurement,med,0.5009381391072669,0.03498813014942048,0.930154788749418,True
hgb,measurement,med,0.5735126942023494,0.01192769896674406,0.979202380196077,True
hgb,measurement,med,0.49996030800984365,0.01869158878504673,0.9626138545688737,True
hgb,measurement,med,0.4627378138016436,0.014258998730398376,0.9691855770047126,True
hgb,measurement,med,0.508297870262139,0.01393774474016063,0.9725795728143172,True
hgb,measurement,med,0.5499353836470406,0.02639299397920092,0.9520070998084014,True
hgb,measurement,med,0.4884788108791904,0.011213397825973859,0.9770442492566026,True
hgb,measurement,med,0.5730878680527325,0.0022385086949318067,0.9960939520451935,True
hgb,measurement,med,0.6144736842105263,0.024517254968192348,0.9601003987669675,True
hgb,measurement,med,0.6529505865623889,0.013681837396082752,0.9790461366025965,True
hgb,measurement,med,0.5107432432432433,0.009128856624319392,0.9821263291387846,True
hgb,measurement,med,0.5540648480335747,0.006756032171581716,0.9878064233896818,True
hgb,measurement,med,0.5696287568729588,0.004707180288682444,0.9917364068581737,True
hgb,measurement,med,0.5092439347966007,0.006920354602473755,0.9864105311234824,True
hgb,measurement,med,0.5758431445504558,0.047962544282840525,0.9167090122774952,True
hgb,measurement,med,0.5070345366148575,0.0018546895640687566,0.996342084354941,True
hgb,measurement,med,0.5430746766791823,0.016713509070709454,0.9692242894238597,True
hgb,measurement,med,0.5593598834652593,0.00848155884329893,0.9848370269409467,True
hgb,measurement,med,0.5390028504530184,0.011858448884319417,0.9779992835393121,True
hgb,measurement,med,0.5187156016175044,0.01944608858636676,0.9625110782754013,True
hgb,measurement,med,0.4939809374591983,0.03642921036782032,0.9262538134463351,True
hgb,measurement,med,0.5362427552956865,0.02853884283019692,0.9467799936719695,True
hgb,measurement,med,0.5690536825935808,0.020224305938591702,0.9644597573880637,True
hgb,measurement,med,0.535650623885918,0.026782770381661214,0.9499995534638538,True
hgb,measurement,med,0.4781632491489193,0.0003964800988042194,0.9991708269100357,True
hgb,measurement,med,0.49484037630026656,0.03923323395637113,0.9207153744209332,True
hgb,measurement,med,0.49037604677374785,0.008932797819694471,0.9817837802672773,True
hgb,measurement,med,0.4321711699922171,0.00040063210843777064,0.9990729781710219,True
hgb,measurement,med,0.5404411057152572,0.0333526479663786,0.9382862487444633,True
hgb,measurement,med,0.5258617449159869,0.010031474710436195,0.9809237412543883,True
hgb,measurement,med,0.5504442547422874,0.021093285799168138,0.9616795240981417,True
hgb,measurement,med,0.49591264571344257,0.007609961098333229,0.9846546339075802,True
hgb,measurement,med,0.5421445452613548,0.056229730589058224,0.896282769824879,True
hgb,measurement,med,0.5054477810257774,0.03965918509912092,0.9215365333711925,True
hgb,measurement,med,0.5271074509599196,0.033461281121245245,0.936519051171998,True
hgb,measurement,med,0.5476247266944941,0.050913200497687994,0.9070290328104721,True
hgb,measurement,med,0.5965442901528121,0.008294718153572966,0.9860953858908813,True
hgb,measurement,med,0.44235372532180584,0.013031690297346521,0.970540114050433,True
hgb,measurement,med,0.44929480348523787,0.015549638436504587,0.9653910120573752,True
hgb,measurement,med,0.5620643729189789,0.01908544533580614,0.9660440222590708,True
hgb,measurement,med,0.5258737659664062,0.04297758184434164,0.918273957314906,True
hgb,measurement,med,0.4972364115252614,0.052707044471112074,0.8940000304695418,True
hgb,measurement,med,0.5642779531225747,0.027214889714106794,0.9517704181715654,True
hgb,measurement,med,0.5913814180929096,0.04204461393718717,0.9289044047532422,True
hgb,measurement,med,0.5254166666666666,0.0017798936352718675,0.9966124149685547,True
hgb,measurement,med,0.5224753047498949,0.028643682158746797,0.9451769645410163,True
hgb,measurement,med,0.5107119902877955,0.008738000880669339,0.9828905507471142,True
hgb,measurement,med,0.529206923943766,0.04992230357506122,0.9056658155508827,True
hgb,measurement,med,0.5973363634844508,0.005563660051562946,0.990685884215874,True
hgb,measurement,med,0.5013124362895005,0.024587305277842364,0.9509541286072474,True
hgb,measurement,med,0.5443204710987137,0.019928839670358633,0.9633876719166337,True
hgb,measurement,med,0.5454963698699202,0.013370227894510256,0.975489794922561,True
hgb,measurement,med,0.517321654040404,0.009155285431551086,0.9823025281079071,True
hgb,measurement,med,0.5382533724978242,0.0037320271238399094,0.9930664120012458,True
hgb,measurement,med,0.49880737735707315,0.0029101136893696644,0.9941658567585971,True
hgb,measurement,med,0.5061494796594134,0.046122423717274263,0.9088758843567123,True
hgb,measurement,med,0.5440214360522844,0.02277412669900647,0.9581374460825148,True
hgb,measurement,med,0.509009067357513,0.03299061089273758,0.9351865948793286,True
hgb,measurement,med,0.5193938936293387,0.005084110072372194,0.9902114558243142,True
hgb,measurement,med,0.46453157349896473,0.015151302147401013,0.9673836978759534,True
hgb,measurement,med,0.4423227947509753,0.00888418539020952,0.9799147014451035,True
hgb,measurement,med,0.5194204973892065,0.020744120744120687,0.9600629531403014,True
hgb,measurement,med,0.4415282469268658,0.026351117191062423,0.9403183887452908,True
hgb,measurement,med,0.5057638105124661,0.029117117117117064,0.9424294176216086,True
hgb,measurement,med,0.4998658256350149,0.009392568216097685,0.9812098212472004,True
hgb,measurement,med,0.5153460368653553,0.01872838114166686,0.9636586297323947,True
hgb,measurement,med,0.5143533483527607,0.01191460055096416,0.9768357674950087,True
hgb,measurement,med,0.47570147713345806,0.03211214237057225,0.9324951804562861,True
hgb,measurement,med,0.4354608240057156,0.017929516213436303,0.9588263393053218,True
hgb,measurement,med,0.49099688983467016,0.0012753623188406227,0.9974025042821145,True
hgb,measurement,med,0.6019381216338404,0.0063701731025299635,0.9894172293237726,True
hgb,measurement,med,0.4837757214172653,0.00888178208326007,0.9816407031397937,True
hgb,measurement,med,0.590340791915859,0.011865407011661722,0.9799007502545193,True
hgb,measurement,med,0.5686011349709597,0.00904317126684473,0.9840957558635429,True
hgb,measurement,med,0.5604034055810705,0.0034081996434938144,0.9939183102573049,True
hgb,measurement,med,0.5815078414486471,0.008306484091824329,0.9857156112097624,True
hgb,measurement,med,0.5584734082159661,0.019007915829176936,0.9659645104860097,True
hgb,measurement,med,0.542832017375031,0.0027184560279335246,0.994992086058079,True
hgb,measurement,med,0.5874460564917445,0.02108400586940573,0.9641090349719591,True
hgb,measurement,med,0.5067165017985611,0.005324270068008619,0.9894926057290212,True
hgb,measurement,med,0.4927813569773128,0.026092720341449827,0.9470501065594267,True
hgb,measurement,med,0.5412587412587413,0.021931133366328015,0.959481239387792,True
hgb,measurement,med,0.5439115014355684,0.028434108527131796,0.9477229136503191,True
hgb,measurement,med,0.5223396588998319,0.002399441584504003,0.9954063576379443,True
hgb,measurement,med,0.5470339079766404,0.03913009421130964,0.9284686129310643,True
hgb,measurement,med,0.5624272651704074,0.029729749080846135,0.9471402776466776,True
hgb,measurement,med,0.454945054945055,0.03621097185576083,0.9204058348098011,True
hgb,measurement,med,0.5296761991022549,0.0017019450800914715,0.9967868197910797,True
hgb,measurement,high,0.8160926685730863,0.01270752384316498,0.9844288224456376,True
hgb,measurement,high,0.7978267796228962,0.00019610753052912155,0.9997541978590618,True
hgb,measurement,high,0.7576379388964889,0.03264251304696919,0.9569154191321074,True
hgb,measurement,high,0.8373311220775018,0.01649374975564155,0.9803019984319716,True
hgb,measurement,high,0.770759672326742,0.004268032437046543,0.9944625638960036,True
hgb,measurement,high,0.7399213145105299,0.014194033302497688,0.9808168341360902,True
hgb,measurement,high,0.7788299319727892,0.010564247475598587,0.9864357454151266,True
hgb,measurement,high,0.7950197569522105,0.00017363763908384566,0.9997815933031029,True
hgb,measurement,high,0.8009047619047619,0.0013915399298073394,0.998262540072183,True
hgb,measurement,high,0.6779064119170984,0.00898677593592856,0.986743338345902,True
hgb,measurement,high,0.8493715680292862,0.03962426951504028,0.9533487215648428,True
hgb,measurement,high,0.7655066287878788,0.027120933600713104,0.9645712622454269,True
hgb,measurement,high,0.7251342056035145,0.05820476359758264,0.919732425876752,True
hgb,measurement,high,0.7299864314789688,0.03531471112376494,0.9516227842040618,True
hgb,measurement,high,0.8177814064413553,0.021532012195121908,0.9736702106143251,True
hgb,measurement,high,0.811931628325408,0.023398468358950875,0.9711817257233719,True
hgb,measurement,high,0.8271201861337908,0.02412462424458861,0.970832988181132,True
hgb,measurement,high,0.8072258064516129,0.0430767338908018,0.9466360793392401,True
hgb,measurement,high,0.8335935107150267,0.0023268988492335385,0.9972085928941102,True
hgb,measurement,high,0.7931434070844259,0.045723614167080706,0.9423513909859511,True
hgb,measurement,high,0.7848382749326146,0.03072692964327428,0.9608493486815326,True
hgb,measurement,high,0.7741607688144041,0.05288660779750709,0.931685239128688,True
hgb,measurement,high,0.7388005208466312,0.03547499624036865,0.951982984257082,True
hgb,measurement,high,0.8281961137001608,0.01002184857984234,0.9878991842462682,True
hgb,measurement,high,0.7398760147447561,0.0018749729050158148,0.9974658282365557,True
hgb,measurement,high,0.8248516427847734,0.008536748032546337,0.9896505655202122,True
hgb,measurement,high,0.77407568193329,0.0007505302074974907,0.999030417535372,True
hgb,measurement,high,0.7607685863147615,0.004955133804494527,0.9934866740114787,True
hgb,measurement,high,0.7746298785032999,0.004400285123176695,0.9943194998730507,True
hgb,measurement,high,0.8451811346548188,0.0259768736859044,0.9692647260796781,True
hgb,measurement,high,0.8268812283912954,0.0215079236885084,0.9739891015178175,True
hgb,measurement,high,0.7547785846732608,0.0034414736603088913,0.995440419574439,True
hgb,measurement,high,0.8314458933882407,0.022092164385810076,0.9734292218393408,True
hgb,measurement,high,0.7707732103043231,0.033786150861325526,0.9561658988537163,True
hgb,measurement,high,0.7933155080213903,0.008811605493998176,0.9888926846823212,True
hgb,measurement,high,0.7803553605486545,0.03308891827212024,0.9575976280231406,True
hgb,measurement,high,0.7486397659295183,0.015009244069473682,0.9799513133651964,True
hgb,measurement,high,0.7665867306155075,0.01601735540581284,0.979105618756338,True
hgb,measurement,high,0.7670362383832986,0.011471388522427461,0.9850445286045337,True
hgb,measurement,high,0.7718899237487138,0.02483358709133343,0.9678275537388438,True
hgb,measurement,high,0.8278153111119406,0.02798476765586444,0.9661944309555296,True
hgb,measurement,high,0.7353047379363169,0.05693721483195158,0.9225665062464444,True
hgb,measurement,high,0.7888509860207231,0.004359029002072967,0.9944742047873177,True
hgb,measurement,high,0.7594141061252541,0.041951615130984776,0.9447579195690295,True
hgb,measurement,high,0.8196986886889528,0.01938283493024484,0.976353707529719,True
hgb,measurement,high,0.7883690201060144,0.03480036297640654,0.9558577746095009,True
hgb,measurement,high,0.8059866317930834,0.014496599476301775,0.9820138462544334,True
hgb,measurement,high,0.7933830845771145,0.0054100111052286515,0.9931810858960873,True
hgb,measurement,high,0.6953206204525466,0.019815687992235875,0.9715013658312924,True
hgb,measurement,high,0.7551813866498612,0.01657341881351504,0.9780537244342871,True
hgb,measurement,high,0.8117487764003418,0.0291234327712927,0.9641226034236368,True
hgb,measurement,high,0.823550200803213,0.04552278820375333,0.9447237239947793,True
hgb,measurement,high,0.8242344883158743,0.0509073152801226,0.9382368537087795,True
hgb,measurement,high,0.7658122503328895,0.015726901447602026,0.9794637635520119,True
hgb,measurement,high,0.751285274160319,0.016784784431401967,0.9776585739016892,True
hgb,measurement,high,0.8021451150792391,0.009505044552147512,0.988150467573179,True
hgb,measurement,high,0.8176305921970065,0.012058185082708173,0.9852522823903795,True
hgb,measurement,high,0.8047955567081605,0.02988169462157908,0.9628704527845512,True
hgb,measurement,high,0.8067662626084744,0.01798834693571527,0.9777031492646278,True
hgb,measurement,high,0.7971590909090909,0.0170881180873238,0.9785637292703565,True
hgb,measurement,high,0.7658083639149897,0.03174318897210471,0.9585494355143548,True
hgb,measurement,high,0.8225567064376558,0.021162954202342488,0.9742717383048333,True
hgb,measurement,high,0.7696486924047239,0.018351987233400258,0.9761553713863133,True
hgb,measurement,high,0.8257823541288108,0.03648388648388645,0.9558190044852963,True
hgb,measurement,high,0.787099888376022,0.029565217391304244,0.9624377822587367,True
hgb,measurement,high,0.7806978002163721,0.016753988852257318,0.9785397258098922,True
hgb,measurement,high,0.768394777265745,0.02549681289838779,0.9668180814696378,True
hgb,measurement,high,0.7978477934709505,0.016986538434259568,0.9787095501507105,True
hgb,measurement,high,0.696077635211954,0.028508929211790934,0.9590434633011733,True
hgb,measurement,high,0.7731210184447258,0.010491803278688483,0.9864292872288033,True
hgb,measurement,high,0.7184996249062265,0.016851866241873292,0.9765457549903764,True
hgb,measurement,high,0.77204228520018,0.005303359668980434,0.9931307393770468,True
hgb,measurement,high,0.7844489527016428,0.02122969387811624,0.9729368063976614,True
hgb,measurement,high,0.8059423516230885,0.011328942160909183,0.9859432350985231,True
hgb,measurement,high,0.7599434686048859,0.014732586182437224,0.9806135761526006,True
hgb,measurement,high,0.772092121904451,0.01534868201534867,0.9801206597245294,True
hgb,measurement,high,0.8064313725490196,0.02551653113440866,0.9683587072589273,True
hgb,measurement,high,0.8023266305022049,0.006481910795053558,0.9919211072540416,True
hgb,measurement,high,0.7802319049911731,0.04196438286605486,0.9462155000358136,True
hgb,measurement,high,0.8144535910283941,0.0027884280237016057,0.9965763205486261,True
hgb,measurement,high,0.6536458333333334,0.023996820474995184,0.9632877328191308,True
hgb,measurement,high,0.8150355969605287,0.011630522088353468,0.9857300440229524,True
hgb,measurement,high,0.7981995079400582,0.031470794311295514,0.9605727715962726,True
hgb,measurement,high,0.7590291372315374,0.019034290211496052,0.9749228464655241,True
hgb,measurement,high,0.7431827431827431,0.03254901960784318,0.9562032085561497,True
hgb,measurement,high,0.791501240694789,0.006868785884329931,0.9913218254992242,True
hgb,measurement,high,0.791994750656168,0.008237393845490049,0.9895991812588841,True
hgb,measurement,high,0.7606398095370872,0.005948455019475607,0.9921796690826691,True
hgb,measurement,high,0.8367088607594936,0.0008113376534428784,0.9990303226229654,True
hgb,measurement,high,0.8256139308770888,0.010121215686903828,0.987740982427281,True
hgb,measurement,high,0.819850732536302,0.005450733752620507,0.9933515534763773,True
hgb,measurement,high,0.7899600399600399,0.05229006538946879,0.933806695599294,True
hgb,measurement,high,0.7677302617061653,0.03866079778973286,0.9496427329778364,True
hgb,measurement,high,0.8231829497844435,0.010012483050656273,0.9878368677907163,True
hgb,measurement,high,0.8660004601740294,0.01829006906406294,0.9788798390934026,True
hgb,measurement,high,0.7606825414783153,0.02679173918453981,0.9647793425987238,True
hgb,measurement,high,0.8098977336421417,0.0003075932615616006,0.9996202072820005,True
hgb,measurement,high,0.7751405434012003,0.000507130843406034,0.9993457562661078,True
hgb,measurement,high,0.8065461835995499,0.03344768133598364,0.9585297382640764,True
hgb,measurement,high,0.842974395706289,0.011450009658342863,0.9864171323391745,True
hgb,symmetric,low,0.10669548830506603,0.06072756797297252,0.4308328408476003,True
hgb,symmetric,low,0.05825078206465073,0.05185566784312867,0.10978589462411543,True
hgb,symmetric,low,0.03015007348959542,0.01738419559520976,0.42341117008524287,True
hgb,symmetric,low,0.05936922523595145,0.014078107633913262,0.7628719664445248,True
hgb,symmetric,low,0.001449068115734753,0.0217409954673492,,False
hgb,symmetric,low,0.03668813201187304,0.022785458269329206,0.3789419896887812,True
hgb,symmetric,low,0.004794119891146864,0.003549449435023777,,False
hgb,symmetric,low,0.018205609603459072,0.054912078974675316,,False
hgb,symmetric,low,0.002246795435996707,0.06942983378918577,,False
hgb,symmetric,low,0.008459719114375153,0.03943753030547925,,False
hgb,symmetric,low,0.014643719806763267,0.04135249288886622,,False
hgb,symmetric,low,0.04808929904497128,0.0018496654860290507,0.96153685907754,True
hgb,symmetric,low,0.009193694275746234,0.006432432432432411,,False
hgb,symmetric,low,0.02423332817576973,0.01124842899036449,0.53582814094799,True
hgb,symmetric,low,0.03370233470964257,0.03719603783542402,-0.1036635341699895,True
hgb,symmetric,low,0.03952290593656815,0.02080022959701533,0.4737170988793581,True
hgb,symmetric,low,0.018948412698412742,0.04242039965461053,,False
hgb,symmetric,low,0.045552538007111454,0.033273125497781386,0.269565935215576,True
hgb,symmetric,low,0.09223296187914432,0.02188615715073583,0.7627078573122922,True
hgb,symmetric,low,0.04769055509527753,0.02004257627949646,0.5797369890231968,True
hgb,symmetric,low,0.05594416118371548,0.013871837231545059,0.7520413759357081,True
hgb,symmetric,low,0.004339414040906542,0.05569132964127477,,False
hgb,symmetric,low,0.03400581010015924,0.034296897839288465,-0.008559941323905187,True
hgb,symmetric,low,0.033186720012718274,0.017587313287228734,0.4700496680452699,True
hgb,symmetric,low,0.0020328278053024507,0.0022641733929880115,,False
hgb,symmetric,low,0.008144329556013297,0.02457542457542461,,False
hgb,symmetric,low,0.0340728199560173,0.03100653594771241,0.0899920820249977,True
hgb,symmetric,low,0.03788576300085256,0.0173890452478892,0.5410137246675515,True
hgb,symmetric,low,0.07300412017874158,0.005665947152690309,0.9223886660257266,True
hgb,symmetric,low,0.013862890061199673,0.013247345874464522,,False
hgb,symmetric,low,0.016666666666666607,0.05660954656632866,,False
hgb,symmetric,low,0.028922417446689996,0.048975955698838836,-0.6933562275391282,True
hgb,symmetric,low,0.0289270521506223,0.03376603031964509,-0.16728210478642533,True
hgb,symmetric,low,0.003577817531305816,0.006374139827465597,,False
hgb,symmetric,low,0.02164285551826206,0.05710719689359611,-1.6386165561845356,True
hgb,symmetric,low,0.002102556708958092,0.058421294894524856,,False
hgb,symmetric,low,0.0009941039352803216,0.004571980089187577,,False
hgb,symmetric,low,0.0029614567199729436,0.029528525145616658,,False
hgb,symmetric,low,0.01745089640824815,0.01532877226957896,,False
hgb,symmetric,low,0.07996727017689698,0.03309874995983164,0.5860962880611864,True
hgb,symmetric,low,0.014524841404434441,0.012459472642240232,,False
hgb,symmetric,low,0.05303248889145362,0.08726464618184371,-0.6454940736508922,True
hgb,symmetric,low,0.04469660368489092,0.023611138959928724,0.47174646363768025,True
hgb,symmetric,low,0.04633055812519271,0.044849560377510644,0.03196589481353041,True
hgb,symmetric,low,0.07567230104103262,0.0022327407553606182,0.9704946099874783,True
hgb,symmetric,low,0.005464480874316946,0.04647153795971326,,False
hgb,symmetric,low,0.011342155009451793,0.021717635918003575,,False
hgb,symmetric,low,0.005404335647302361,0.006226370107973667,,False
hgb,symmetric,low,0.054678899082568844,0.02804902638552831,0.48702283959352627,True
hgb,symmetric,low,0.06495408336797548,0.002733939445921596,0.957909660114309,True
hgb,symmetric,low,0.0014100672241351697,0.0009366653250887369,,False
hgb,symmetric,low,0.040962051436911784,0.00877875438181086,0.7856856755494395,True
hgb,symmetric,low,0.014463894291624202,0.0007421117574475389,,False
hgb,symmetric,low,0.03920180358107728,0.00912972085385888,0.7671096730287736,True
hgb,symmetric,low,0.04294372721001283,0.020322195325630843,0.5267715066685574,True
hgb,symmetric,low,0.05231372838867432,0.008207442401593545,0.8431111172078032,True
hgb,symmetric,low,0.026093326962892127,0.05446537864543244,-1.0873297882975523,True
hgb,symmetric,low,0.0028847920622282475,0.04019641250120132,,False
hgb,symmetric,low,0.05411559841939584,0.054072944465624606,0.0007882007224731059,True
hgb,symmetric,low,0.053257841057232747,0.00422062904717857,0.9207510300193555,True
hgb,symmetric,low,0.035182762601000395,0.009844384303112297,0.7201929702122829,True
hgb,symmetric,low,0.05971299722684087,0.0045196183127218514,0.9243109788049578,True
hgb,symmetric,low,0.02126372603759541,0.055853165128454396,-1.626687581927222,True
hgb,symmetric,low,0.03136784841639384,0.02748687482730039,0.12372457101855701,True
hgb,symmetric,low,0.0506528909249262,0.0007766962870386918,0.9846662989445193,True
hgb,symmetric,low,0.03274448504023997,0.025160586116885875,0.23160843464278572,True
hgb,symmetric,low,0.01560849222719729,0.04323595407070646,,False
hgb,symmetric,low,0.07848578443018928,0.005838709677419396,0.9256080611309587,True
hgb,symmetric,low,0.08534359877613651,0.05305995790845963,0.37827841022218434,True
hgb,symmetric,low,0.04195084778052971,0.027298553033320072,0.34927291157176765,True
hgb,symmetric,low,0.023782875461566433,0.07453367564927338,-2.133921958668168,True
hgb,symmetric,low,0.0058380414312617646,0.01824402987193685,,False
hgb,symmetric,low,0.006713530735580453,0.052030624716707274,,False
hgb,symmetric,low,0.011035271999019103,0.031984091913389245,,False
hgb,symmetric,low,0.007872934641848572,0.033280724627736236,,False
hgb,symmetric,low,0.007173591591511541,0.03173583261323942,,False
hgb,symmetric,low,0.05422177260165806,0.020454636879911448,0.6227597162825702,True
hgb,symmetric,low,0.009141560737997545,0.006071734208616397,,False
hgb,symmetric,low,0.01701895277867005,0.009495872180491638,,False
hgb,symmetric,low,0.045308381162482037,0.0008805798279482024,0.9805647475068614,True
hgb,symmetric,low,0.0581335762682913,0.023036266566842323,0.6037356026312912,True
hgb,symmetric,low,0.03854114468724812,0.023423423423423406,0.3922488910617806,True
hgb,symmetric,low,0.013300276173738412,0.07147924858016597,,False
hgb,symmetric,low,0.009510801463585739,0.024918881089220135,,False
hgb,symmetric,low,0.04792013731132316,0.02099205086309741,0.5619367547568118,True
hgb,symmetric,low,0.05237590670561265,0.006140986072932564,0.8827516990312172,True
hgb,symmetric,low,0.06367705240748689,0.016237527696117526,0.7450018949965029,True
hgb,symmetric,low,0.04549568333101661,0.0048491502550378485,0.8934151572192796,True
hgb,symmetric,low,0.04387193724211713,0.00936272707410779,0.7865896137105257,True
hgb,symmetric,low,0.020304892853035494,0.035487048233915464,-0.7477092093401666,True
hgb,symmetric,low,0.010632442630304717,0.02369203382287499,,False
hgb,symmetric,low,0.003941565050791351,0.04754809093558732,,False
hgb,symmetric,low,0.037213349713349775,0.020728008088978678,0.44299536997759725,True
hgb,symmetric,low,0.048167293233082664,0.02284373235460191,0.5257418297503131,True
hgb,symmetric,low,0.0032854234293649975,0.01725040017820234,,False
hgb,symmetric,low,0.05267951299012563,0.004269735764352411,0.918948837565132,True
hgb,symmetric,low,0.10115418562020495,0.03587636754511425,0.6453298761178682,True
hgb,symmetric,low,0.022143139580862004,0.04115314390049063,-0.8585053736489426,True
hgb,symmetric,low,0.05210565346510976,0.031110251949223566,0.40293903098144296,True
hgb,symmetric,low,0.026689189189189166,0.017974205208247773,0.32653610865299426,True
hgb,symmetric,med,0.06380990972738115,0.02910052910052907,0.5439496901835941,True
hgb,symmetric,med,0.007915635313531344,0.039390702693244295,,False
hgb,symmetric,med,0.0886934389140272,0.01324065049873746,0.8507144309561392,True
hgb,symmetric,med,0.007468129175296823,0.024818985968656504,,False
hgb,symmetric,med,0.006896383067178602,0.011123644567353153,,False
hgb,symmetric,med,0.058810367973563704,0.004756149073547489,0.9191273709478325,True
hgb,symmetric,med,0.0059248759744861546,0.008764105542648504,,False
hgb,symmetric,med,0.0128710270554242,0.01649012532495253,,False
hgb,symmetric,med,0.01430990425171641,2.159100518728252e-05,,False
hgb,symmetric,med,0.020727344634799638,0.04268969570327796,-1.0595834370218944,True
hgb,symmetric,med,0.0012960911717349588,0.012408036219581198,,False
hgb,symmetric,med,0.15620872627847165,0.027180423250242502,0.8259993286048037,True
hgb,symmetric,med,0.014479638009049778,0.002962362240417016,,False
hgb,symmetric,med,0.08520083206450646,0.012337754956496916,0.855192083721015,True
hgb,symmetric,med,0.06877283473028156,0.029249293312906044,0.5746969944220257,True
hgb,symmetric,med,0.01704505763185471,0.0090437231831203,,False
hgb,symmetric,med,0.1276916153153777,0.030685583212980982,0.7596899127856396,True
hgb,symmetric,med,0.00039554117224016583,0.041327913279132766,,False
hgb,symmetric,med,0.03546754675467545,0.0008640378445112784,0.9756386352152372,True
hgb,symmetric,med,0.06511056511056512,0.0493472584856397,0.2421005960884772,True
hgb,symmetric,med,0.0804415315626078,0.026426633360609908,0.6714802310788675,True
hgb,symmetric,med,0.03936382181317899,0.028433826344673063,0.2776660132336685,True
hgb,symmetric,med,0.041858881806763615,0.014831233893784601,0.6456848999872674,True
hgb,symmetric,med,0.011626988158533469,0.0011041666666666838,,False
hgb,symmetric,med,0.1194284687275341,0.037525378347947114,0.6857920163612072,True
hgb,symmetric,med,0.019047619047619035,0.008588039090384858,,False
hgb,symmetric,med,0.012159116927563496,0.05616604701367234,,False
hgb,symmetric,med,0.07934762690122776,0.06380001272183711,0.19594302673657005,True
hgb,symmetric,med,0.01944444444444443,0.028629025956775078,,False
hgb,symmetric,med,0.04133002240930289,0.03332629727352676,0.19365402361781897,True
hgb,symmetric,med,0.0762215664862102,0.036926048662921596,0.5155432987643707,True
hgb,symmetric,med,0.05298070795434795,0.01417647564223734,0.7324219288565788,True
hgb,symmetric,med,0.09985367487615254,0.018572395128552133,0.8140038896756951,True
hgb,symmetric,med,0.027624277153077248,0.01045468692527507,0.6215398916199169,True
hgb,symmetric,med,0.06649490438566358,0.01580553509418081,0.7623045669407938,True
hgb,symmetric,med,0.11902739191330097,0.03448232751692237,0.7102992263995909,True
hgb,symmetric,med,0.05924366061244185,0.031282498604176534,0.4719688439102487,True
hgb,symmetric,med,0.016633282964941265,0.014826112217795506,,False
hgb,symmetric,med,0.051029764423755064,0.02772428327459031,0.456703678967323,True
hgb,symmetric,med,0.016350914372362357,0.020102264998807184,,False
hgb,symmetric,med,0.0913967136150235,0.021830664180671033,0.7611438823432424,True
hgb,symmetric,med,0.04363378684807251,0.05045354728517504,-0.15629540614588638,True
hgb,symmetric,med,0.049632778408160716,0.038862292791795205,0.21700347959151542,True
hgb,symmetric,med,0.02220309810671256,0.010585478956504857,0.5232431570752463,True
hgb,symmetric,med,0.07709750566893425,0.010470639032815199,0.8641896525449558,True
hgb,symmetric,med,0.002292083866142325,0.020365976710573053,,False
hgb,symmetric,med,0.08788752703677,0.02024827734134116,0.7696114793072995,True
hgb,symmetric,med,0.003818659150575665,0.04258468856803577,,False
hgb,symmetric,med,0.013277318475916566,0.009084412546463194,,False
hgb,symmetric,med,0.002603903964491061,0.02694709401376405,,False
hgb,symmetric,med,0.008328726512809026,0.007040011196836837,,False
hgb,symmetric,med,0.02425826656311758,0.012188507768982726,0.4975524018886737,True
hgb,symmetric,med,0.05950768342511992,0.025045009650717875,0.5791298163667777,True
hgb,symmetric,med,0.03094124936630427,0.02846183914785505,0.08013284108525214,True
hgb,symmetric,med,0.01738301465381059,0.001890944572660369,,False
hgb,symmetric,med,0.034547677261613674,0.0006794226743545018,0.9803337668923573,True
hgb,symmetric,med,0.010567715657841759,0.009191287777599588,,False
hgb,symmetric,med,0.03105228004128968,0.00779115437158473,0.7490955781274365,True
hgb,symmetric,med,0.060693607467801,0.033825973018278166,0.44267651191728186,True
hgb,symmetric,med,0.03311944856958726,0.022959183673469385,0.30677639075934937,True
hgb,symmetric,med,0.005724147849848982,0.02768466322472163,,False
hgb,symmetric,med,0.04136449100188022,0.03913663311253679,0.053859187805360996,True
hgb,symmetric,med,0.03774627980006956,0.010243350311262,0.7286262284517077,True
hgb,symmetric,med,0.02253265436609425,0.0055431931252827304,0.7539928924830185,True
hgb,symmetric,med,0.02558465403942789,0.004892367906066508,0.8087772498886637,True
hgb,symmetric,med,0.01116197183098594,0.015711521547933205,,False
hgb,symmetric,med,0.015635360424362976,0.028033944950883072,,False
hgb,symmetric,med,0.020051055158398334,0.025352758976712186,-0.2644102156436015,True
hgb,symmetric,med,0.09864470749699777,0.007588831364219617,0.923069046918198,True
hgb,symmetric,med,0.10555658369575277,0.02550385142977729,0.758386918780098,True
hgb,symmetric,med,0.04481752523078397,0.019908383726938816,0.5557902042912384,True
hgb,symmetric,med,0.025789721829325762,0.013380662909881602,0.48116296102634537,True
hgb,symmetric,med,0.044888033235383484,0.008381188887164437,0.8132867875227406,True
hgb,symmetric,med,0.08277150833925456,0.014931495610796652,0.8196058533862025,True
hgb,symmetric,med,0.027118252225176276,0.02331446696237116,0.14026660830574192,True
hgb,symmetric,med,0.08741685144124173,0.019355856598848198,0.7785798014944697,True
hgb,symmetric,med,0.028928538875216514,0.030782290367933784,-0.06408037062339866,True
hgb,symmetric,med,0.02450186447700481,0.014569680292552234,0.40536442415531304,True
hgb,symmetric,med,0.0004166666666666208,0.027098978418239605,,False
hgb,symmetric,med,0.03487919386236116,0.008359523202808639,0.7603292313521739,True
hgb,symmetric,med,0.05654176030288777,0.011248442936300007,0.8010595553438135,True
hgb,symmetric,med,0.07469296070480469,0.008786945110122124,0.8823591269216231,True
hgb,symmetric,med,0.06345637700860957,0.04506535642835674,0.2898214718082249,True
hgb,symmetric,med,0.0019523781936157114,0.023332231989874774,,False
hgb,symmetric,med,0.050977330557483214,0.05711112583381861,-0.12032397948768203,True
hgb,symmetric,med,0.02500071610667126,0.016050745588673365,0.35798856639989046,True
hgb,symmetric,med,0.05136506260813467,0.0046550734508100655,0.9093727679001633,True
hgb,symmetric,med,0.06080760095011872,0.017438611064109044,0.713216591484769,True
hgb,symmetric,med,0.048562922248940765,0.04030054644808745,0.17013753329132766,True
hgb,symmetric,med,0.06737034454569502,0.05288894517617915,0.21495213461011212,True
hgb,symmetric,med,0.055898806044919425,0.0014377196516134338,0.9742799577783807,True
hgb,symmetric,med,0.04954733348035806,0.005946352141666944,0.8799864347084542,True
hgb,symmetric,med,0.0025797266514806516,0.00852857528606843,,False
hgb,symmetric,med,0.002724624435939904,0.014881786021806565,,False
hgb,symmetric,med,0.002909608172766087,0.005233536056224342,,False
hgb,symmetric,med,0.10324613383436915,0.02327259606711174,0.7745911134605156,True
hgb,symmetric,med,0.016764075303239423,0.04422009014992012,,False
hgb,symmetric,med,0.05798762580902689,0.03964664511977012,0.31629128513831384,True
hgb,symmetric,med,0.026798404618341876,0.04266795865633066,-0.5921827908787914,True
hgb,symmetric,med,0.002966432474629188,0.029168593894542072,,False
hgb,symmetric,high,0.1414514145141451,0.01580969267139476,0.8882323465926614,True
hgb,symmetric,high,0.13552442987497695,0.00773572601137873,0.9429200623200183,True
hgb,symmetric,high,0.042988019732205784,0.008586097531058878,0.8002676656299582,True
hgb,symmetric,high,0.016992067441383985,0.0010900927541201977,,False
hgb,symmetric,high,0.08077095724385588,0.015886113667699875,0.8033189872971537,True
hgb,symmetric,high,0.021713761773776763,0.010945342017707027,0.4959260338332772,True
hgb,symmetric,high,0.0157014157014157,0.009415110917869174,,False
hgb,symmetric,high,0.0006659267480577102,0.005607476635513975,,False
hgb,symmetric,high,0.07032738879162082,0.0060875152098146534,0.9134403350613246,True
hgb,symmetric,high,0.023337742811390394,9.850275807721243e-05,0.9957792508524373,True
hgb,symmetric,high,0.04042543801579945,0.005998334197551136,0.8516198094079572,True
hgb,symmetric,high,0.03788619108471769,0.010797096862670608,0.7150123421347079,True
hgb,symmetric,high,0.033237632508833936,0.024371158661506964,0.2667600902371861,True
hgb,symmetric,high,0.0801406806049822,0.02252372855210172,0.7189476258241129,True
hgb,symmetric,high,0.0024420024420024333,0.006130470384860365,,False
hgb,symmetric,high,0.15011785064295732,0.026566399815865727,0.8230297083119603,True
hgb,symmetric,high,0.009594667906688337,0.009531382527565802,,False
hgb,symmetric,high,0.011406844106463865,0.023699015471167373,,False
hgb,symmetric,high,0.04155418002833916,0.006006143769860972,0.8554623442030406,True
hgb,symmetric,high,0.049802544975866614,0.05000875994253473,-0.004140651180939542,True
hgb,symmetric,high,0.07067720652309223,0.036223313763722675,0.48748237875123857,True
hgb,symmetric,high,0.04397321105694818,0.0265089401436438,0.3971570529768001,True
hgb,symmetric,high,0.016746891295627786,0.008512644188110041,,False
hgb,symmetric,high,0.11455641688199825,0.005437410223172123,0.9525350882022343,True
hgb,symmetric,high,0.12947482796088375,0.008112050331265497,0.9373465061972025,True
hgb,symmetric,high,0.10376403071989199,0.05281403816815866,0.4910178623387459,True
hgb,symmetric,high,0.04292613636363635,0.07412088252780247,-0.7267075214948033,True
hgb,symmetric,high,0.01025256314078521,0.004950415738797509,,False
hgb,symmetric,high,0.01967435549525104,0.026319959155648665,,False
hgb,symmetric,high,0.055694305694305724,0.015501698911309814,0.7216645630453612,True
hgb,symmetric,high,0.039343453400284445,0.02233322648431091,0.43235215635266416,True
hgb,symmetric,high,0.05128909648761276,0.04649709135717561,0.09343126431549646,True
hgb,symmetric,high,0.09734939759036143,0.008998071346311254,0.9075693166158622,True
hgb,symmetric,high,0.12922376962769797,0.0038106613203657824,0.9705111425603468,True
hgb,symmetric,high,0.029473886328725052,0.057539480118343644,-0.9522189736568962,True
hgb,symmetric,high,0.19950183150183148,0.008010680907877155,0.9598465796149666,True
hgb,symmetric,high,0.014074336074512916,0.024189592262767956,,False
hgb,symmetric,high,0.000649667045639124,0.010038760770753719,,False
hgb,symmetric,high,0.00260213757516059,0.0188423582349031,,False
hgb,symmetric,high,0.009444048467569466,0.00430888739004287,,False
hgb,symmetric,high,0.024351011307533033,0.004200835819597737,0.8274882399525559,True
hgb,symmetric,high,0.13964192967751685,0.0018710582770133932,0.986601028205967,True
hgb,symmetric,high,0.03224034235484616,0.03870349539640883,-0.200467878734891,True
hgb,symmetric,high,0.005303030303030309,0.00867741080953377,,False
hgb,symmetric,high,0.04111379630051826,0.00579586511441188,0.859028704816081,True
hgb,symmetric,high,0.006731549067315545,0.02453125825249558,,False
hgb,symmetric,high,0.009894912231982356,0.03534568666940774,,False
hgb,symmetric,high,0.06381676719993007,0.0033808882907133686,0.9470219436199038,True
hgb,symmetric,high,0.019598566308243692,0.03718762569295064,,False
hgb,symmetric,high,0.033868724992196175,0.0065722631445263024,0.8059489057813471,True
hgb,symmetric,high,0.022979418662871898,0.0014705054598671552,0.9360077171036939,True
hgb,symmetric,high,0.00843338049675696,0.013860516353038754,,False
hgb,symmetric,high,0.04873897570787561,0.011626073211253418,0.7614625042402196,True
hgb,symmetric,high,0.051813092854324116,0.004464285714285698,0.913838656054806,True
hgb,symmetric,high,0.11788810709674022,0.02149493243243239,0.8176666589888204,True
hgb,symmetric,high,0.02926749509483323,0.015796472228007508,0.46027249080171007,True
hgb,symmetric,high,0.04093558792472479,0.030249160134378505,0.2610547040388728,True
hgb,symmetric,high,0.007647535548515438,0.0032755051959968418,,False
hgb,symmetric,high,0.14066641423703144,0.0053256499825764525,0.9621398610929087,True
hgb,symmetric,high,0.22096273291925467,0.06934329901238212,0.686176496388095,True
hgb,symmetric,high,0.050179211469534024,0.01323377457551378,0.736269778102261,True
hgb,symmetric,high,0.0529106196112033,0.03392867265727939,0.3587549549297788,True
hgb,symmetric,high,0.054173576561636294,0.02785262417994383,0.48586329447430243,True
hgb,symmetric,high,0.025093370681605998,0.016385765335989344,0.34700819814531825,True
hgb,symmetric,high,0.07536137729413672,0.005339749063683619,0.9291447521872843,True
hgb,symmetric,high,0.03699448529411764,0.01388888888888895,0.6245686680469272,True
hgb,symmetric,high,0.038480437319574956,0.031984424975664005,0.16881337106339062,True
hgb,symmetric,high,0.029556507642427066,0.01362210545960929,0.539116541629047,True
hgb,symmetric,high,0.0339188370684434,0.016938385107354903,0.5006201104956621,True
hgb,symmetric,high,0.07262453531598512,0.0028012993649171314,0.9614276449036288,True
hgb,symmetric,high,0.03121844613192798,0.01849917998860473,0.4074279062312105,True
hgb,symmetric,high,0.07582019490790348,0.001713047307390081,0.9774064507553579,True
hgb,symmetric,high,0.0036217597663381063,0.01109534230019138,,False
hgb,symmetric,high,0.10670665212649943,0.029522157388424564,0.7233334867124647,True
hgb,symmetric,high,0.0219296320678809,0.004982138671582481,0.7728124823909135,True
hgb,symmetric,high,0.0016790180639185137,0.03131096234544506,,False
hgb,symmetric,high,0.18092329545454544,0.0026560424966799445,0.9853195107351599,True
hgb,symmetric,high,0.020076068312327555,0.01795075887769315,0.1058628313856341,True
hgb,symmetric,high,0.09087588342730088,0.061643314782688585,0.3216757575512082,True
hgb,symmetric,high,0.004140786749482428,0.026193314926372224,,False
hgb,symmetric,high,0.003366563638210529,0.015524481532794177,,False
hgb,symmetric,high,0.02197346600331679,0.03503036389371006,-0.5942120322948776,True
hgb,symmetric,high,0.04163372859025033,0.015925545131302732,0.6174845330804185,True
hgb,symmetric,high,0.05326140692703635,0.00726388417201751,0.8636182445955958,True
hgb,symmetric,high,0.0699221590756054,0.022436771482312823,0.6791178679415147,True
hgb,symmetric,high,0.018457396549269367,0.009780713342140035,,False
hgb,symmetric,high,0.02782310363583118,0.019890002784739624,0.2851263811156977,True
hgb,symmetric,high,0.00823773747961476,0.01602853607741417,,False
hgb,symmetric,high,0.022184804442868966,0.015023059291375485,0.3228220996915543,True
hgb,symmetric,high,0.10811510791366907,0.0008498991645059517,0.9921389417177051,True
hgb,symmetric,high,0.04273362905044731,0.0009532650219572503,0.9776928605611306,True
hgb,symmetric,high,0.04237472766884531,0.0034269069309191824,0.9191285202420615,True
hgb,symmetric,high,0.05323866187696458,0.01648335239380161,0.690387552716954,True
hgb,symmetric,high,0.04358479358479361,0.05313273594521939,-0.21906590751314187,True
hgb,symmetric,high,0.09408602150537637,0.03822940084058257,0.5936760824943796,True
hgb,symmetric,high,0.00982905982905985,0.04614392638999021,,False
hgb,symmetric,high,0.018218623481781382,0.0006263799076318133,,False
hgb,symmetric,high,0.08924637681159422,0.00825525973298391,0.9075003375160946,True
hgb,symmetric,high,0.0559824852697004,0.025845059382551216,0.5383366912340452,True
hgb,symmetric,high,0.07527889335118254,0.002216365057332692,0.9705579484677975,True
hgb,substantive,low,0.03123601789709174,0.041988161533931256,-0.34422261096990237,True
hgb,substantive,low,0.06366764597540042,0.07298770330517479,-0.14638608333933695,True
hgb,substantive,low,0.015568700882344633,0.03270138138820988,,False
hgb,substantive,low,0.08272051566408611,0.04463452286924674,0.4604177390467449,True
hgb,substantive,low,0.053109406763999334,0.009873800213295425,0.8140856617515738,True
hgb,substantive,low,0.01372807297088674,0.03774025698205363,,False
hgb,substantive,low,0.03396132689512088,0.017253315943013825,0.4919716771875437,True
hgb,substantive,low,0.021273145019597317,0.06575644147123438,-2.091054068905092,True
hgb,substantive,low,0.01179125599479669,0.04774986077196586,,False
hgb,substantive,low,0.027326295799821265,0.03960475578406175,-0.4493276393619657,True
hgb,substantive,low,0.08681418235972849,0.05554502093148761,0.3601849441911702,True
hgb,substantive,low,0.02406061015321359,0.0431136000837411,-0.7918747616623824,True
hgb,substantive,low,0.015699468341848655,0.0004363407463572333,,False
hgb,substantive,low,0.031443298969072164,0.017035336522989053,0.45822044500657766,True
hgb,substantive,low,0.0012790588439330897,0.009701146762423285,,False
hgb,substantive,low,0.02233757331914843,0.018120719040421895,0.1887785310641475,True
hgb,substantive,low,0.030850186824834314,0.0025935201238611594,0.9159317854836009,True
hgb,substantive,low,0.003191625175539392,0.012571286663296322,,False
hgb,substantive,low,0.030429757050140727,0.02210124363275834,0.2736963493878395,True
hgb,substantive,low,0.02304602510460252,0.0004778888099638001,0.9792637208457974,True
hgb,substantive,low,0.002675242356450336,0.05503995346530588,,False
hgb,substantive,low,0.04531120242833819,0.025732162160227334,0.43210153822503466,True
hgb,substantive,low,0.02071823204419887,0.011682107997994629,0.4361435872967919,True
hgb,substantive,low,0.0051954022988505155,0.03533818231976782,,False
hgb,substantive,low,0.012132430645040326,0.041608479249471864,,False
hgb,substantive,low,0.05826611581087282,0.049551229005065145,0.14957040956866777,True
hgb,substantive,low,0.09186682989546247,0.00048127810094178436,0.9947611330282166,True
hgb,substantive,low,0.05829814086694818,0.006313774846836373,0.891698521548979,True
hgb,substantive,low,0.027566037032897506,0.09882228471197485,-2.5849289687175427,True
hgb,substantive,low,0.010077144552627537,0.006541167869871134,,False
hgb,substantive,low,0.035152391703118346,0.029361914520990573,0.16472498460507606,True
hgb,substantive,low,0.029077276314845357,0.02011451510291129,0.30823936585003125,True
hgb,substantive,low,0.015275587663647339,0.01047362341162883,,False
hgb,substantive,low,0.009458871523160162,0.013862748953622273,,False
hgb,substantive,low,0.045370179418436796,0.01237503317703259,0.7272430187480408,True
hgb,substantive,low,0.04307762019121841,0.035022473539219945,0.18699144976538304,True
hgb,substantive,low,0.03285857699750605,0.011388497729201474,0.6534086753036854,True
hgb,substantive,low,0.020820672113804672,0.017869637203760336,0.14173581399842133,True
hgb,substantive,low,0.027756557168321816,0.03757935082045749,-0.35389092359575114,True
hgb,substantive,low,0.019205283857729127,0.010949634893145932,,False
hgb,substantive,low,0.0042520152875714645,0.0382796560769455,,False
hgb,substantive,low,0.015587663583800704,0.0405338256384139,,False
hgb,substantive,low,0.09215313228427646,0.04460747310813362,0.5159418676022071,True
hgb,substantive,low,0.03848379106474531,0.02423195375655751,0.3703335070136526,True
hgb,substantive,low,0.031191505664714625,0.009781427143597088,0.6864073427958202,True
hgb,substantive,low,0.04440211640211633,0.04227556673638977,0.04789297984060069,True
hgb,substantive,low,0.0497907221687961,0.05547834207707314,-0.11423051646038344,True
hgb,substantive,low,0.005390291096982636,0.07929410805647563,,False
hgb,substantive,low,0.058586890232701694,0.016053019145802705,0.725996394721727,True
hgb,substantive,low,0.03806773618538328,0.04102956303470795,-0.07780412354706576,True
hgb,substantive,low,0.012279590328370893,0.009566331018274199,,False
hgb,substantive,low,0.05459387483355527,0.03764363739537524,0.31047873941641946,True
hgb,substantive,low,0.0006466614143583183,0.04668706293706293,,False
hgb,substantive,low,0.0006095130928100989,0.0060573957162213254,,False
hgb,substantive,low,0.005975662755323796,0.03401454478505017,,False
hgb,substantive,low,0.019318951408093032,0.054117929253735486,,False
hgb,substantive,low,0.023115402003820895,0.03910151572676035,-0.6915784428190782,True
hgb,substantive,low,0.029911964785914402,0.01720498262312875,0.4248126879572081,True
hgb,substantive,low,0.01150659515448349,0.02662648952198321,,False
hgb,substantive,low,0.0705772964694944,0.00593667546174137,0.9158840624575726,True
hgb,substantive,low,0.020713418553167107,0.030667223668284116,-0.4805486399827063,True
hgb,substantive,low,0.0068860201066131,0.005295248053581281,,False
hgb,substantive,low,0.0193363286959346,0.047886723925671615,,False
hgb,substantive,low,0.00836743332862988,0.030831683832656775,,False
hgb,substantive,low,0.04708069363509371,0.03712529434072087,0.21145396394398344,True
hgb,substantive,low,0.007705146589464529,0.034517522543438206,,False
hgb,substantive,low,0.008887854490475133,0.019474650325246312,,False
hgb,substantive,low,0.02550746206953569,0.0009273636991028456,0.9636434351416552,True
hgb,substantive,low,0.033291635568543754,0.026392879669213,0.20722189767838195,True
hgb,substantive,low,0.009172414759982095,0.0373799845819609,,False
hgb,substantive,low,0.024637273864431597,0.016820226142881034,0.31728541739497806,True
hgb,substantive,low,0.00819217087049573,0.04520638892089568,,False
hgb,substantive,low,0.043910048946522506,0.03346605440595207,0.23784975856642845,True
hgb,substantive,low,0.014263587645779507,0.004530172096224416,,False
hgb,substantive,low,0.07851239669421495,0.0372761218847093,0.5252199212579135,True
hgb,substantive,low,0.04400808933961842,0.04869411655358302,-0.1064810421057293,True
hgb,substantive,low,0.023842336391874053,0.03429718875502008,-0.43849949062497295,True
hgb,substantive,low,0.004758765118614949,0.048244809108567654,,False
hgb,substantive,low,0.020286273298321444,0.02435580858312192,-0.2006053662471954,True
hgb,substantive,low,0.0033491657532578323,0.043730916970353584,,False
hgb,substantive,low,0.0006738544474393926,0.00873825307787568,,False
hgb,substantive,low,0.011382005761949587,0.027181208053691286,,False
hgb,substantive,low,0.000430776380584752,0.0007077140835102247,,False
hgb,substantive,low,0.04433214633869764,0.01191096485214127,0.7313244262720445,True
hgb,substantive,low,0.0032525551423385757,0.018374801269779195,,False
hgb,substantive,low,0.05073223996916887,0.04381700857995352,0.13630841834340235,True
hgb,substantive,low,0.031874476274339925,0.05662834433326236,-0.776604699191565,True
hgb,substantive,low,0.013071481364164361,0.046942499529290416,,False
hgb,substantive,low,0.052405576804094633,0.05100145954595814,0.026793279337148448,True
hgb,substantive,low,0.00259488211615877,0.011433654079404887,,False
hgb,substantive,low,0.02473923556581159,0.03641911353691574,-0.47211959884666627,True
hgb,substantive,low,0.0011681748985115092,0.0035895448781174677,,False
hgb,substantive,low,0.010287717732094581,0.01604753758890798,,False
hgb,substantive,low,0.0028408986026249305,0.07556572431517583,,False
hgb,substantive,low,0.04104404864938738,0.01873002285703873,0.5436604459507117,True
hgb,substantive,low,0.0537540380973599,0.07125964488240222,-0.32566124154869946,True
hgb,substantive,low,0.03853635082121276,0.011827859157492515,0.6930726728026947,True
hgb,substantive,low,0.03276373620488349,0.00508705104543361,0.8447353191460693,True
hgb,substantive,low,0.03252508728881387,0.015523322807357132,0.5227277126264328,True
hgb,substantive,low,0.04526708986483563,0.037606757627344334,0.16922519782836745,True
hgb,substantive,med,0.05784232302202197,0.029829900775452334,0.4842893712257136,True
hgb,substantive,med,0.043922849685631093,0.09714691846888002,-1.211762651198395,True
hgb,substantive,med,0.03227641378011026,0.07226211198143306,-1.238851951574721,True
hgb,substantive,med,0.08390173168623294,0.009908281448751444,0.881906115051291,True
hgb,substantive,med,0.006314331592308098,0.102255976414792,,False
hgb,substantive,med,0.04752889503128521,0.03229579938823102,0.3205017838733097,True
hgb,substantive,med,0.025336564789060767,0.019634338928414485,0.22505915494543507,True
hgb,substantive,med,0.12869988656171327,0.06316370866779586,0.5092170602846022,True
hgb,substantive,med,0.12059778934062382,0.07666294183379396,0.3643088961003884,True
hgb,substantive,med,0.1341239892183289,0.11989212413452033,0.10610976579768852,True
hgb,substantive,med,0.05553368328958885,0.061011080332409984,-0.09863197825828351,True
hgb,substantive,med,0.10389036251105221,0.06908848207475204,0.3349866108379189,True
hgb,substantive,med,0.028993065757771608,0.069839590462493,-1.4088377216118462,True
hgb,substantive,med,0.07188828617504761,0.12861751092849527,-0.7891302988544238,True
hgb,substantive,med,0.0532806724168281,0.12643589545910106,-1.3730161374458874,True
hgb,substantive,med,0.06677265807172728,0.056876456876456816,0.14820738729076724,True
hgb,substantive,med,0.03871328807455532,0.06378979842453647,-0.6477494317116125,True
hgb,substantive,med,0.07130195109677706,0.12957699190000727,-0.8172993853160395,True
hgb,substantive,med,0.027886316581968718,0.024555990367248648,0.11942510244875644,True
hgb,substantive,med,0.09794960474308301,0.10389881714745608,-0.06073748250416695,True
hgb,substantive,med,0.09446792249246949,0.07319531238292198,0.2251834225659324,True
hgb,substantive,med,0.07672691481746596,0.04322019978796798,0.43670092964392954,True
hgb,substantive,med,0.022051606430082638,0.04711305826194989,-1.13649098134087,True
hgb,substantive,med,0.04045343368523102,0.08705492634539935,-1.1519786681836572,True
hgb,substantive,med,0.05776879002359292,0.06499638857108736,-0.12511251394641762,True
hgb,substantive,med,0.07839210032213195,0.05581092469164173,0.28805422405700004,True
hgb,substantive,med,0.030411832782905712,0.03797425474254745,-0.2486670899983551,True
hgb,substantive,med,0.07903229404460044,0.0738111977858873,0.06606282054481061,True
hgb,substantive,med,0.06395202394357846,0.1029836916234248,-0.6103273246564009,True
hgb,substantive,med,0.06567036882604904,0.035714150367790576,0.4561603504558958,True
hgb,substantive,med,0.07883642652929623,0.07548101010252073,0.042561751901940975,True
hgb,substantive,med,0.05391578118850837,0.05642686732887192,-0.04657423272017366,True
hgb,substantive,med,0.032677848467322135,0.08939633446846185,-1.735686058335763,True
hgb,substantive,med,0.07485421237869438,0.06218170688084723,0.16929582310926972,True
hgb,substantive,med,0.044137931034482714,0.05103671903544027,-0.1563006656466948,True
hgb,substantive,med,0.05122858195547553,0.08852199827107687,-0.7279806485374571,True
hgb,substantive,med,0.11807891090759615,0.08573943661971828,0.27388018774313944,True
hgb,substantive,med,0.020284589766878636,0.06823054752861779,-2.363664156522748,True
hgb,substantive,med,0.08424521961683284,0.08116344153774435,0.036581043922790484,True
hgb,substantive,med,0.07559079630460452,0.03435691837753696,0.5454880745125297,True
hgb,substantive,med,0.08720768673802859,0.09000738630368266,-0.03210381642233385,True
hgb,substantive,med,0.03667290886392016,0.00519086828537485,0.8584549618183746,True
hgb,substantive,med,0.03509009619292769,0.08464338920100878,-1.4121731880025001,True
hgb,substantive,med,0.0735744542196155,0.17169856174967313,-1.3336708857827586,True
hgb,substantive,med,0.07969699786225481,0.01694672664411323,0.7873605393091055,True
hgb,substantive,med,0.026546065612951364,0.055102354647877494,-1.0757258514796262,True
hgb,substantive,med,0.09468214754702364,0.10958945482757254,-0.1574458086002456,True
hgb,substantive,med,0.09196940407636744,0.08535727508330249,0.07189487699164095,True
hgb,substantive,med,0.08221507352941182,0.04194296734035352,0.48983847438452094,True
hgb,substantive,med,0.047334980337858434,0.05533375075628599,-0.16898222754790407,True
hgb,substantive,med,0.08005003126954346,0.04221732745961826,0.47261322962555,True
hgb,substantive,med,0.05115868631061993,0.05124653739612195,-0.0017172271580356278,True
hgb,substantive,med,0.0775551411808243,0.03811113992997017,0.5085929913903213,True
hgb,substantive,med,0.09877346039930635,0.07894041105338179,0.2007933028340459,True
hgb,substantive,med,0.031671216554690296,0.023726873927141012,0.2508379371481005,True
hgb,substantive,med,0.08240850543336387,0.05698406071540396,0.30851724083891197,True
hgb,substantive,med,0.06629318394024275,0.05942628882392098,0.10358372774057206,True
hgb,substantive,med,0.0787582088690083,0.07324328234060251,0.07002351383559641,True
hgb,substantive,med,0.056862345175406004,0.058659383280780464,-0.031603306192016005,True
hgb,substantive,med,0.026557372360885734,0.08167564778720482,-2.0754416015757062,True
hgb,substantive,med,0.04912889109074392,0.05016973452357043,-0.021185974478927522,True
hgb,substantive,med,0.12482539182543118,0.0931038357806413,0.2541274301718404,True
hgb,substantive,med,0.07216270214973941,0.08193185289884686,-0.13537673144273638,True
hgb,substantive,med,0.04705882352941182,0.11297376093294453,-1.4006924198250685,True
hgb,substantive,med,0.047809622809622754,0.10593633421288651,-1.2157952309041111,True
hgb,substantive,med,0.07832880434782608,0.06980669351321656,0.10879919469683622,True
hgb,substantive,med,0.018788842318254173,0.05914819643633207,,False
hgb,substantive,med,0.039041973378498684,0.03406984825668946,0.12735332493586216,True
hgb,substantive,med,0.06013096827516062,0.025919657967400034,0.5689466058688576,True
hgb,substantive,med,0.0722608260168709,0.10108726096809517,-0.39892202373239005,True
hgb,substantive,med,0.05953847568263315,0.07699704359592874,-0.2932316911564482,True
hgb,substantive,med,0.054101193133763825,0.07494002843900271,-0.3851825458583769,True
hgb,substantive,med,0.0496833928710535,0.07049401375059261,-0.41886472877466824,True
hgb,substantive,med,0.04005396997919908,0.026944065484311053,0.3273059949287497,True
hgb,substantive,med,0.07520729870401022,0.057196541812528645,0.23948150248509323,True
hgb,substantive,med,0.11543454469979997,0.02249307795507094,0.8051443091531515,True
hgb,substantive,med,0.04806663924310983,0.06525257433328968,-0.3575439298607378,True
hgb,substantive,med,0.04240675528678617,0.01882122329645508,0.5561739357521719,True
hgb,substantive,med,0.07265560258908377,0.05919913965485368,0.18520888210556066,True
hgb,substantive,med,0.05238000003603471,0.10416396326254018,-0.9886209085696983,True
hgb,substantive,med,0.06935013654144218,0.06904202894811529,0.004442782793120687,True
hgb,substantive,med,0.0630574996569232,0.10191909503364693,-0.6162882383246708,True
hgb,substantive,med,0.0031737449449686927,0.05789906259718336,,False
hgb,substantive,med,0.047569984874060056,0.0938711556617986,-0.9733274229604938,True
hgb,substantive,med,0.12548364601610662,0.09470935990156948,0.2452453932569593,True
hgb,substantive,med,0.03840892170830612,0.02034042553191484,0.47042445798429894,True
hgb,substantive,med,0.0761343402713821,0.07034195713440994,0.07608108399344006,True
hgb,substantive,med,0.074774133514249,0.08840781345650839,-0.18233150023278238,True
hgb,substantive,med,0.08388899364061775,0.07496571284004205,0.10637010188491737,True
hgb,substantive,med,0.04484408420578634,0.04979965225489791,-0.11050661724678816,True
hgb,substantive,med,0.051236922780187766,0.04979637171417994,0.028115487578907708,True
hgb,substantive,med,0.0529218843172331,0.06607249468537213,-0.24849096999852585,True
hgb,substantive,med,0.08725069897483695,0.02764260384155015,0.6831818636831521,True
hgb,substantive,med,0.08593576226700483,0.08299319727891152,0.034241448617755646,True
hgb,substantive,med,0.0239244576801112,0.045714869546640835,-0.9108006608920698,True
hgb,substantive,med,0.11604392661041918,0.04540654124205212,0.6087124714894366,True
hgb,substantive,med,0.07785674299971446,0.1267564826886861,-0.6280732766993733,True
hgb,substantive,med,0.08777248260274784,0.08408160987948221,0.042050453784818406,True
hgb,substantive,med,0.034230979415872165,0.05566375751656627,-0.6261222572777508,True
hgb,substantive,med,0.1103448275862069,0.11656298362012163,-0.05635203905735228,True
hgb,substantive,high,0.13459170390176978,0.10052699844588042,0.25309662087903345,True
hgb,substantive,high,0.09974467309036739,0.17971126417983618,-0.8017128996655299,True
hgb,substantive,high,0.08232657602562987,0.15227944759075474,-0.8496997560465428,True
hgb,substantive,high,0.09002884726481342,0.10302127134490713,-0.14431401128437674,True
hgb,substantive,high,0.10614095107765986,0.09574597456097356,0.09793558858428393,True
hgb,substantive,high,0.08042559849788766,0.0965035620547432,-0.19991102157950139,True
hgb,substantive,high,0.16259875014738834,0.1426274018379281,0.12282596447609297,True
hgb,substantive,high,0.12301672384219564,0.1131730145491614,0.08001927693718809,True
hgb,substantive,high,0.093328335832084,0.06870140554570625,0.2638740964018305,True
hgb,substantive,high,0.07137374126971519,0.03293583406616729,0.5385440992688666,True
hgb,substantive,high,0.12428651217301345,0.03318814436769468,0.732970667633709,True
hgb,substantive,high,0.11707573472279353,0.15694937227074235,-0.3405798617652048,True
hgb,substantive,high,0.10499513754344181,0.1269106938677258,-0.2087292501066196,True
hgb,substantive,high,0.06600649947881532,0.07602357082727473,-0.15175886355970716,True
hgb,substantive,high,0.13999511069505644,0.15754317367220594,-0.12534768457288106,True
hgb,substantive,high,0.11157077287615091,0.13174273285030125,-0.1807996794693016,True
hgb,substantive,high,0.18964863547381205,0.16024627431900973,0.15503597524624635,True
hgb,substantive,high,0.12633026695526695,0.18507385196499648,-0.46500008608808224,True
hgb,substantive,high,0.10297455257478094,0.12189138674004463,-0.1837039704690742,True
hgb,substantive,high,0.09169921105105383,0.06737735617363538,0.2652351595901646,True
hgb,substantive,high,0.058275320230356864,0.0383191882465691,0.34244568549607357,True
hgb,substantive,high,0.11434379628659919,0.13125932239505644,-0.14793566995151197,True
hgb,substantive,high,0.13567109219283124,0.11415973759059783,0.1585551811704959,True
hgb,substantive,high,0.1040557802852885,0.09098522167487688,0.12561107681453373,True
hgb,substantive,high,0.11775805975675535,0.16393304420319044,-0.3921174019155508,True
hgb,substantive,high,0.1445051795242469,0.09737763042777547,0.32613051830826434,True
hgb,substantive,high,0.16714961110263837,0.08889546354801692,0.46816828970406293,True
hgb,substantive,high,0.10790598290598297,0.10217618463495526,0.05309991268992012,True
hgb,substantive,high,0.09727755329920418,0.09348937009068026,0.03894200748318895,True
hgb,substantive,high,0.09635093278522389,0.09826391675360457,-0.0198543378157524,True
hgb,substantive,high,0.1046524289947216,0.06799450549450547,0.35028258638951476,True
hgb,substantive,high,0.09050242251277629,0.09896416150007559,-0.09349737556588328,True
hgb,substantive,high,0.11223768159038972,0.10038847251690508,0.1055724682262077,True
hgb,substantive,high,0.09584470904933429,0.19295655119135058,-1.0132206890213393,True
hgb,substantive,high,0.0701484521845871,0.0809720372836219,-0.15429542294894635,True
hgb,substantive,high,0.09560028826083866,0.08696884486578005,0.09028679256184173,True
hgb,substantive,high,0.11852687796039041,0.08121312666072655,0.31481257198163487,True
hgb,substantive,high,0.12733253588516746,0.1086655644250264,0.1466001704150111,True
hgb,substantive,high,0.10502041433539988,0.10559764365604807,-0.005496353488043866,True
hgb,substantive,high,0.12982978082398133,0.1614349353804807,-0.2434353224346002,True
hgb,substantive,high,0.05752848766456464,0.047571315206949905,0.17308246508534547,True
hgb,substantive,high,0.11575659883135203,0.09783155705163338,0.1548511442171343,True
hgb,substantive,high,0.11064567384082047,0.08135466538537073,0.264728004617596,True
hgb,substantive,high,0.11710641913092168,0.11868721936768034,-0.01349883506378392,True
hgb,substantive,high,0.07384094494248017,0.13696022748989056,-0.8548005797674769,True
hgb,substantive,high,0.1268997863318615,0.08844752697211711,0.3030127982972809,True
hgb,substantive,high,0.09758616213154159,0.15728453475801785,-0.6117503888103074,True
hgb,substantive,high,0.09367429603240451,0.0733146831410032,0.21734471198329972,True
hgb,substantive,high,0.1527098822976588,0.14023433056535095,0.08169446236616684,True
hgb,substantive,high,0.13794466329473565,0.15972922636370246,-0.15792247810574178,True
hgb,substantive,high,0.09072270137070693,0.1386660567879121,-0.5284604039875449,True
hgb,substantive,high,0.06401385081517819,0.10444176744042377,-0.631549517962444,True
hgb,substantive,high,0.10320074603855034,0.14302611124878906,-0.38590191194317597,True
hgb,substantive,high,0.10808395317995734,0.0792131844763424,0.26711429267900444,True
hgb,substantive,high,0.07602882959231316,0.07663396386222476,-0.007959273780176433,True
hgb,substantive,high,0.1290893015030946,0.07471098586548919,0.42124571908309405,True
hgb,substantive,high,0.10487429567106421,0.12936598113850695,-0.23353373017407753,True
hgb,substantive,high,0.12896466683355123,0.15968158467163418,-0.2381808800214082,True
hgb,substantive,high,0.13997716353283107,0.09575690632391665,0.31591051063513476,True
hgb,substantive,high,0.11318779391068556,0.0419349148954935,0.6295102727367972,True
hgb,substantive,high,0.019686141436299986,0.10127624536846436,,False
hgb,substantive,high,0.14162759589790697,0.1424247746956533,-0.005628696813585494,True
hgb,substantive,high,0.13220031832515666,0.12155765920826156,0.08050403547984415,True
hgb,substantive,high,0.062212644795904826,0.09445832014164934,-0.5183138484391697,True
hgb,substantive,high,0.10160359353907744,0.07917902203616489,0.22070648017275005,True
hgb,substantive,high,0.2007660376438859,0.21362314546683203,-0.06404025289253241,True
hgb,substantive,high,0.1378251336577161,0.13501027080307892,0.020423436422182483,True
hgb,substantive,high,0.15429408614945261,0.12397052449068058,0.19653093916639147,True
hgb,substantive,high,0.07441271303546748,0.06549786260368107,0.1198027872943876,True
hgb,substantive,high,0.1175073701174183,0.11214597139530114,0.04562606342699889,True
hgb,substantive,high,0.13668159784009326,0.17185748721806826,-0.25735643959275356,True
hgb,substantive,high,0.1216201868971255,0.08516459612316907,0.2997495046179547,True
hgb,substantive,high,0.12069249320522146,0.074517352332797,0.3825850278352425,True
hgb,substantive,high,0.180438149197356,0.11593257760059583,0.35749408805011945,True
hgb,substantive,high,0.14996276437295208,0.08882410106899907,0.40769229321422296,True
hgb,substantive,high,0.10376713244762348,0.08867796921031212,0.14541370549029692,True
hgb,substantive,high,0.08199592283292279,0.08899063835134458,-0.08530565029037383,True
hgb,substantive,high,0.11101620285505875,0.03874913218484555,0.6509596690544722,True
hgb,substantive,high,0.11771072065189714,0.1154913829664187,0.018854167854783842,True
hgb,substantive,high,0.15652155405104706,0.053410459790850684,0.6587661033992054,True
hgb,substantive,high,0.16350788017790452,0.110004741583689,0.327220550691511,True
hgb,substantive,high,0.10865096196098656,0.07750745337573817,0.28663813023975926,True
hgb,substantive,high,0.07144235681444056,0.0936909773580612,-0.3114205848696688,True
hgb,substantive,high,0.0858494693716747,0.16387066090668712,-0.9088139053862905,True
hgb,substantive,high,0.08631453232723518,0.19363748468226083,-1.2433937769383197,True
hgb,substantive,high,0.19661280939432402,0.17228806511020023,0.12371902094811335,True
hgb,substantive,high,0.11707528325896133,0.13160500374880524,-0.12410578975670988,True
hgb,substantive,high,0.1341983904686712,0.10343430445687829,0.22924333074601844,True
hgb,substantive,high,0.07975167144221584,0.07744682031228334,0.02890034889867466,True
hgb,substantive,high,0.09929854254819004,0.07417551389202615,0.2530050090510802,True
hgb,substantive,high,0.05821561792943197,0.13170262029756308,-1.2623245270231582,True
hgb,substantive,high,0.10661080854629246,0.05601735806783559,0.4745621121191312,True
hgb,substantive,high,0.11559817980606268,0.11950446949086668,-0.033791965335072935,True
hgb,substantive,high,0.10187921526430066,0.11443990440212781,-0.12329000675203006,True
hgb,substantive,high,0.07336001883682608,0.13003952569169963,-0.772621214573911,True
hgb,substantive,high,0.18157584683357875,0.11768254548070911,0.35188216091003727,True
hgb,substantive,high,0.151521600340498,0.1434384656889195,0.053346418156976674,True
hgb,substantive,high,0.07501058833494911,0.10254460588722425,-0.36706841211971164,True
hgb,substantive,high,0.12027898125436276,0.11239725466811645,0.06552871086909394,True
hgb,substantive,high,0.08300044385264094,0.08893658933690185,-0.07151944265261943,True
hgb,mixed,low,0.6753906435150807,0.013017224131972926,0.9807263777534367,True
hgb,mixed,low,0.6038142202610719,0.01124841124135012,0.9813710726513089,True
hgb,mixed,low,0.685550470335906,0.03916387538168875,0.9428723674239488,True
hgb,mixed,low,0.7160137877714065,0.004851897113594017,0.9932237378714514,True
hgb,mixed,low,0.6268999505574251,0.025758566818208872,0.9589111997930373,True
hgb,mixed,low,0.6324554082642703,0.04015362454624094,0.9365115326368387,True
hgb,mixed,low,0.6517353144688445,0.016914558354570897,0.9740468899274608,True
hgb,mixed,low,0.5914322250639387,2.4838549428696233e-05,0.9999580027121011,True
hgb,mixed,low,0.6695652173913043,0.014216957760210702,0.9787668812672178,True
hgb,mixed,low,0.6987098346607126,0.02310979460833018,0.9669250474776098,True
hgb,mixed,low,0.680306905370844,0.04105082117682701,0.9396583793979724,True
hgb,mixed,low,0.6960673095103044,0.01335991599500519,0.9808065745762373,True
hgb,mixed,low,0.5760086067778375,0.022185635343399013,0.961483847494043,True
hgb,mixed,low,0.6145843406504851,0.02161101267548049,0.9648363759925821,True
hgb,mixed,low,0.6688252211638855,0.0065722631445263024,0.9901734220891233,True
hgb,mixed,low,0.6913087831962005,0.027229158399218578,0.9606121619440054,True
hgb,mixed,low,0.6553002004853857,0.011728168716734988,0.9821026016655453,True
hgb,mixed,low,0.7247689406818956,0.03773910977177242,0.9479294604756852,True
hgb,mixed,low,0.6503805914045859,0.014934153133349226,0.9770378247279845,True
hgb,mixed,low,0.6110886728037555,0.0068432540853047286,0.9888015366838547,True
hgb,mixed,low,0.6328487908682096,0.02147205448242917,0.9660707979658593,True
hgb,mixed,low,0.6706399097356545,0.027828397533147253,0.9585047100102999,True
hgb,mixed,low,0.6836324956787662,0.023373899174814472,0.965809262545943,True
hgb,mixed,low,0.7158344591181083,0.0008935172694112259,0.9987517822619045,True
hgb,mixed,low,0.6824306472919419,0.025448629222214136,0.9627088418094927,True
hgb,mixed,low,0.6416853552886239,0.07399457994579939,0.8846871300148071,True
hgb,mixed,low,0.7037594322673374,0.008611273037083533,0.9877638968058443,True
hgb,mixed,low,0.622934749956521,0.019922642825439096,0.9680180904551726,True
hgb,mixed,low,0.5853963324460218,0.05482082104991659,0.9063526400637785,True
hgb,mixed,low,0.7025931367646946,0.0006615990990990195,0.9990583467664578,True
hgb,mixed,low,0.6914407554066403,0.01390629694619716,0.9798879414650373,True
hgb,mixed,low,0.6185309954106155,0.019224066278789254,0.9689198012364324,True
hgb,mixed,low,0.6307633196721312,0.023085830956229403,0.9634001689124387,True
hgb,mixed,low,0.5863692866704915,0.01580067835750887,0.9730533663397892,True
hgb,mixed,low,0.6646112283250558,0.005312084993359889,0.9920072295396704,True
hgb,mixed,low,0.63103789943027,0.003903617567354467,0.9938139728677488,True
hgb,mixed,low,0.6428888231815493,0.029462802746721528,0.954171231969915,True
hgb,mixed,low,0.6381173883973436,0.02427501799065035,0.9619583819027123,True
hgb,mixed,low,0.6727330779054917,0.0489305746930756,0.9272659895877016,True
hgb,mixed,low,0.6109518287433926,0.013769930624241478,0.977461511732335,True
hgb,mixed,low,0.6257684589561336,0.03516239180497105,0.9438092615539833,True
hgb,mixed,low,0.7091525423728813,0.0014960834539852197,0.9978903220892655,True
hgb,mixed,low,0.6731951647571532,0.028613539783676867,0.957495922012454,True
hgb,mixed,low,0.6888942532435187,0.02672002065315604,0.9612131752771195,True
hgb,mixed,low,0.6304307725898682,0.02205334213232346,0.9650186141109098,True
hgb,mixed,low,0.652958027440474,0.0010905540268073555,0.9983298252246285,True
hgb,mixed,low,0.6583725948436135,0.031119237299203295,0.9527330913483797,True
hgb,mixed,low,0.7533863787060718,0.08234196654082071,0.890704200569379,True
hgb,mixed,low,0.6755836274691932,0.009624094202898559,0.9857543998824373,True
hgb,mixed,low,0.6446697094582301,0.04792533239664287,0.9256590907041087,True
hgb,mixed,low,0.6871240172920124,0.0028967609907557534,0.9957842239277678,True
hgb,mixed,low,0.7076625042540381,0.018312267968130902,0.9741228793979494,True
hgb,mixed,low,0.6178115969947986,0.048366013071895364,0.9217139767088209,True
hgb,mixed,low,0.6631807020078001,0.017640647807542376,0.9733999379744694,True
hgb,mixed,low,0.6693099746242437,0.05493026129943501,0.9179300124276897,True
hgb,mixed,low,0.6595637949031946,0.019066204131040654,0.9710927066064337,True
hgb,mixed,low,0.5891899270870138,0.01437338501291996,0.9756048358056921,True
hgb,mixed,low,0.6812905011560129,0.006303360581289774,0.9907479106627874,True
hgb,mixed,low,0.6643487781582686,0.000874061944234894,0.9986843327285737,True
hgb,mixed,low,0.667756542981842,0.013285196296901502,0.9801047306289551,True
hgb,mixed,low,0.6549746132428046,0.03316180674671232,0.9493693250452457,True
hgb,mixed,low,0.6556818916995536,0.016054579968199034,0.9755146814767373,True
hgb,mixed,low,0.6970445784323416,0.043443850267379736,0.9376742153778955,True
hgb,mixed,low,0.5973733377294208,0.009799865093217841,0.9835950745132575,True
hgb,mixed,low,0.7491630467863764,0.022536014833832607,0.9699184110448272,True
hgb,mixed,low,0.6992822799292212,0.00022423200538157495,0.9996793397862102,True
hgb,mixed,low,0.6707605859923741,0.0022030658276792625,0.9967155705423272,True
hgb,mixed,low,0.7172152313809075,0.006361861840311067,0.9911297730974534,True
hgb,mixed,low,0.6913358998185761,0.02657836927992696,0.9615550569746171,True
hgb,mixed,low,0.6774589215459383,0.00013922803410015838,0.9997944849057675,True
hgb,mixed,low,0.7457623973995517,0.03993686955328346,0.9464482659724572,True
hgb,mixed,low,0.6875930463370759,0.04883234893230348,0.9289807405813051,True
hgb,mixed,low,0.6110721121941302,0.010623892236795496,0.9826143395766351,True
hgb,mixed,low,0.7076157849155803,0.0024932418606153917,0.9964765598595107,True
hgb,mixed,low,0.6971454212833523,0.038980072400098376,0.9440861673761821,True
hgb,mixed,low,0.6622720897615708,0.027107357479291827,0.9590691531496505,True
hgb,mixed,low,0.6869752666212843,0.02790527815769317,0.9593795009608741,True
hgb,mixed,low,0.6830630408101829,0.029177895916710828,0.957283743705262,True
hgb,mixed,low,0.6570491235117817,0.002309456447187941,0.9964851083966989,True
hgb,mixed,low,0.6543715846994536,0.0036190544106111666,0.994469419982114,True
hgb,mixed,low,0.6562845917587814,0.014138854287473301,0.9784562147808735,True
hgb,mixed,low,0.6830818048138689,0.03589743589743599,0.9474478230214057,True
hgb,mixed,low,0.6578079351616248,0.09341763103733003,0.8579864637625919,True
hgb,mixed,low,0.6529515683581997,0.0032523487684835706,0.9950190045845799,True
hgb,mixed,low,0.6514996499919229,0.0023981728207079778,0.9963189959952584,True
hgb,mixed,low,0.6964685292331299,0.001961171623680813,0.9971841202561726,True
hgb,mixed,low,0.6717679736234641,0.04410040267268467,0.9343517339256134,True
hgb,mixed,low,0.6583436853002071,0.024132136341987298,0.9633441667614948,True
hgb,mixed,low,0.8006816632583503,0.04394788218317636,0.9451119162585393,True
hgb,mixed,low,0.6138192477931224,0.021959190180137145,0.9642253150922075,True
hgb,mixed,low,0.581768452873646,0.04106006176340837,0.9294219864267439,True
hgb,mixed,low,0.6696176016390685,0.006540132057944792,0.9902330344334795,True
hgb,mixed,low,0.6512424888544293,0.004046490979090711,0.9937865064882226,True
hgb,mixed,low,0.6263130088880602,0.01974206988381333,0.9684789081439281,True
hgb,mixed,low,0.6093122499523719,0.012031824718354067,0.9802534337373087,True
hgb,mixed,low,0.648249697837862,0.034017971758664944,0.9475233511529173,True
hgb,mixed,low,0.6945147744764666,0.0022865690778929304,0.9967076739589643,True
hgb,mixed,low,0.6788585209003215,0.0008847619619464231,0.9986966916747645,True
hgb,mixed,low,0.632816618039006,0.03475708765684016,0.9450755769269356,True
hgb,mixed,low,0.6938953316246691,0.040623004585824574,0.9414565818007293,True
hgb,mixed,med,0.37822222222222224,0.032793746169827886,0.9132950306908193,True
hgb,mixed,med,0.45289089070686644,0.05002239041543399,0.8895486938645207,True
hgb,mixed,med,0.3833198687616441,0.04937375073697525,0.871194386827684,True
hgb,mixed,med,0.4548484019202043,0.021605260411230565,0.9525000850392767,True
hgb,mixed,med,0.39523866226652604,0.050787374363861826,0.8715020082483385,True
hgb,mixed,med,0.395393207067194,0.012220924399458766,0.9690917188737086,True
hgb,mixed,med,0.46510828756269207,0.026845810994121755,0.9422805146414356,True
hgb,mixed,med,0.4058007637017071,0.01270232684836059,0.9686981199037424,True
hgb,mixed,med,0.4560930009860978,0.061010035668400686,0.8662333437774891,True
hgb,mixed,med,0.4888467214842926,0.09115646258503407,0.8135275157246542,True
hgb,mixed,med,0.38589195152342476,0.0076794154887768196,0.9800995707257951,True
hgb,mixed,med,0.42145532774388117,0.011058722037125213,0.9737606305837339,True
hgb,mixed,med,0.4228380066153361,0.05949971081550032,0.8592848564116226,True
hgb,mixed,med,0.3899036621874086,0.058063164415132484,0.8510833058366499,True
hgb,mixed,med,0.43452631578947365,0.0016799926477345517,0.9961337378504171,True
hgb,mixed,med,0.4538659733308292,0.01829560426398369,0.9596894119871644,True
hgb,mixed,med,0.4078264386670562,0.003499718027899834,0.9914186092511845,True
hgb,mixed,med,0.39192819740579754,0.02598726775895499,0.9336938042963822,True
hgb,mixed,med,0.33479147627220646,0.0073244574657022055,0.9781223299133609,True
hgb,mixed,med,0.4132873876173459,0.0022834363604632424,0.9944749430326738,True
hgb,mixed,med,0.37805797101449273,0.005744611007768907,0.9848049467324981,True
hgb,mixed,med,0.3933738461329309,0.024128686327077764,0.9386621999294684,True
hgb,mixed,med,0.47650259178340404,0.02864994091945816,0.9398745328703666,True
hgb,mixed,med,0.3658302230516307,0.0309353441949215,0.9154379757449523,True
hgb,mixed,med,0.431939233810299,0.08874884366327473,0.794533960528689,True
hgb,mixed,med,0.4624411557434814,0.03338324053712627,0.9278108357733538,True
hgb,mixed,med,0.44733517460143835,0.015799447723211846,0.9646809626868965,True
hgb,mixed,med,0.40347571653403674,0.020573303987479696,0.949009808659094,True
hgb,mixed,med,0.46437148793092475,0.006101172846819103,0.9868614395900924,True
hgb,mixed,med,0.40506329113924056,0.027822193795970618,0.9313139590661975,True
hgb,mixed,med,0.47101648351648345,0.08680187382535265,0.8157137236953727,True
hgb,mixed,med,0.3882811887399043,0.08849505416862924,0.7720851364037908,True
hgb,mixed,med,0.4277837019520308,0.04672604588394058,0.8907717950199511,True
hgb,mixed,med,0.37901939058171746,0.024749769159741475,0.9347005198816989,True
hgb,mixed,med,0.4114825166847299,0.035098936474716624,0.914701269066047,True
hgb,mixed,med,0.44107890863806176,0.04306893995552252,0.9023554762831251,True
hgb,mixed,med,0.3996101258674428,0.027286801004647865,0.9317164425065161,True
hgb,mixed,med,0.37986190234326733,0.025191453598313318,0.9336826003268189,True
hgb,mixed,med,0.41668977765825427,0.02189171853817118,0.9474627895572577,True
hgb,mixed,med,0.435989060460091,0.030924826679958217,0.9290697187509158,True
hgb,mixed,med,0.4767856892515176,0.05026517082221471,0.8945749170846056,True
hgb,mixed,med,0.40501809179203957,0.013032626136566194,0.9678221136273144,True
hgb,mixed,med,0.36655847728022883,0.045477664750110613,0.8759333978918088,True
hgb,mixed,med,0.4442772133729114,0.07075732149623781,0.8407361004201526,True
hgb,mixed,med,0.3909169414350761,0.096862210095498,0.7522179270616621,True
hgb,mixed,med,0.3871640433485297,0.012411501541936265,0.9679425252546935,True
hgb,mixed,med,0.38487295538649907,0.04076061026940492,0.8940933372975711,True
hgb,mixed,med,0.4193572264730798,0.01509345457169664,0.9640081209554033,True
hgb,mixed,med,0.36685754427792916,0.008079829142662254,0.9779755677137144,True
hgb,mixed,med,0.42948728609203235,0.08601069047382115,0.7997363524856695,True
hgb,mixed,med,0.429105473965287,0.03270803358075591,0.9237762378594083,True
hgb,mixed,med,0.43587076314073003,0.01980033557360128,0.954572921039881,True
hgb,mixed,med,0.39933688066525846,0.06472332015810278,0.8379230086380208,True
hgb,mixed,med,0.43160377358490565,0.01733333333333331,0.9598397085610201,True
hgb,mixed,med,0.3940116809738998,0.020990731365371107,0.9467256115009403,True
hgb,mixed,med,0.416993281075028,0.044384780717833694,0.8935599619173535,True
hgb,mixed,med,0.4494949494949495,0.06175960599746466,0.862602224859573,True
hgb,mixed,med,0.4244684484911609,0.006615063680281086,0.9844156527916378,True
hgb,mixed,med,0.3556897289746998,0.03022586299279817,0.9150218279287223,True
hgb,mixed,med,0.3474163193779728,0.03169599033451631,0.908766547319176,True
hgb,mixed,med,0.45201411414044,0.033540034812880704,0.9257987001652345,True
hgb,mixed,med,0.3543915343915344,0.049980051232908385,0.8589693985813723,True
hgb,mixed,med,0.5111514101661885,0.049335277790845344,0.9034820665469647,True
hgb,mixed,med,0.4210051836826684,0.08095425444400728,0.8077119769978264,True
hgb,mixed,med,0.510752866326463,0.02179058908045972,0.9573363352080895,True
hgb,mixed,med,0.35946239576763095,0.036842047515945886,0.8975079230825528,True
hgb,mixed,med,0.42678261882911617,0.03224969322196647,0.9244353171868996,True
hgb,mixed,med,0.4096676988877009,0.04634598025256609,0.8868693324408997,True
hgb,mixed,med,0.343423543338443,0.03721422975571542,0.8916375115289027,True
hgb,mixed,med,0.40079936400567145,0.09656411730879821,0.7590711812920148,True
hgb,mixed,med,0.4069014844804319,0.04067650775725318,0.9000335233252035,True
hgb,mixed,med,0.436501825588038,0.015249288470926325,0.9650647773342458,True
hgb,mixed,med,0.44708901524681727,0.05984104721832628,0.8661540651243896,True
hgb,mixed,med,0.3897243427715509,0.04016850521674964,0.8969309822140218,True
hgb,mixed,med,0.3730085012148638,0.0038270014539592,0.989740176319052,True
hgb,mixed,med,0.46171609139523573,0.04585876198779426,0.9006775747208289,True
hgb,mixed,med,0.3938771356590427,0.031122063532035837,0.9209853512315158,True
hgb,mixed,med,0.3711436610393909,0.02974449691142267,0.9198571873001334,True
hgb,mixed,med,0.40885893169703524,0.003576150979685,0.991253337759208,True
hgb,mixed,med,0.4116092211340582,0.024654005365359666,0.9401033696537862,True
hgb,mixed,med,0.4613137058101929,0.0059797566533602575,0.9870375482496057,True
hgb,mixed,med,0.452841426960658,0.029570429570429657,0.9347002552993044,True
hgb,mixed,med,0.4191759722757028,0.09418494511164988,0.7753092940887795,True
hgb,mixed,med,0.45118735015412714,0.00943362193362185,0.979091563780768,True
hgb,mixed,med,0.46449585639255103,0.034182798333741715,0.9264088196626378,True
hgb,mixed,med,0.3993655230552505,0.032067149452307375,0.9197047626770951,True
hgb,mixed,med,0.4648402839396628,0.01152332924446875,0.975210132076323,True
hgb,mixed,med,0.4065368476265408,0.02520435967302448,0.9380022750208904,True
hgb,mixed,med,0.39765104422879116,0.001509316883543499,0.9962044186594036,True
hgb,mixed,med,0.444323904425158,0.034798872203536724,0.9216812963314283,True
hgb,mixed,med,0.36295784572447054,0.037897478070175517,0.8955871087604362,True
hgb,mixed,med,0.36631374075515766,0.05504761904761901,0.8497254868623326,True
hgb,mixed,med,0.5058422698838249,0.019411877762829155,0.9616246428609309,True
hgb,mixed,med,0.43117559523809523,0.042140863699015374,0.9022651927325683,True
hgb,mixed,med,0.41207646520146524,0.021363725194094574,0.9481559200823327,True
hgb,mixed,med,0.3435813702886243,0.0006702119909667292,0.9980493354735627,True
hgb,mixed,med,0.3895260271587744,0.013308283019900391,0.9658346757546041,True
hgb,mixed,med,0.4806496405934129,0.09572814326576295,0.8008359204272443,True
hgb,mixed,med,0.39561821398425123,0.015812396747409307,0.9600311709914378,True
hgb,mixed,med,0.3886045727537122,0.0009788276503431836,0.997481173102501,True
hgb,mixed,high,0.4156456598749972,0.05298647029601711,0.8725200924461657,True
hgb,mixed,high,0.4791724137931034,0.10246646770265178,0.7861595017719558,True
hgb,mixed,high,0.42129634845702313,0.08271342346154698,0.8036692609264695,True
hgb,mixed,high,0.47301843590190773,0.14487844498181757,0.6937150140764032,True
hgb,mixed,high,0.46482854278854,0.05896969359993709,0.8731366769214006,True
hgb,mixed,high,0.46658711905050126,0.13265769565160979,0.7156850452246378,True
hgb,mixed,high,0.4793341274966044,0.03801443586171971,0.9206932415593776,True
hgb,mixed,high,0.5003853714203774,0.10240005384556417,0.795357618958974,True
hgb,mixed,high,0.47865633074935404,0.0614391376598713,0.8716424839431538,True
hgb,mixed,high,0.4907380199076227,0.020721520083102463,0.9577747815687826,True
hgb,mixed,high,0.5408262704785665,0.08910557601371372,0.8352417756355179,True
hgb,mixed,high,0.39339587504073753,0.07677172058105697,0.8048486894451881,True
hgb,mixed,high,0.4802196230446572,0.08507708027899952,0.8228371432645768,True
hgb,mixed,high,0.4084406972338007,0.04559802374253752,0.888360723964693,True
hgb,mixed,high,0.45745299476642753,0.05217194305592099,0.8859512482095354,True
hgb,mixed,high,0.4599697967254435,0.009684350585717927,0.9789456815324366,True
hgb,mixed,high,0.42432027951335544,0.01524695763256334,0.9640673369416852,True
hgb,mixed,high,0.4938315141337812,0.09063467731523667,0.8164663964910848,True
hgb,mixed,high,0.4385338964769463,0.05554047975733334,0.8733496311151102,True
hgb,mixed,high,0.40941823772149855,0.011230731121739224,0.9725690502107559,True
hgb,mixed,high,0.48200648161194865,0.04619664247505295,0.9041576322364795,True
hgb,mixed,high,0.39998691142305554,0.03444322344322337,0.9138891237198667,True
hgb,mixed,high,0.3889454311061354,0.04892191142191149,0.8742190870251881,True
hgb,mixed,high,0.44795978710821993,0.06344318114961467,0.8583730437967018,True
hgb,mixed,high,0.4245630609352858,0.002080817249628941,0.9950989206525762,True
hgb,mixed,high,0.5020397857515717,0.08389715832205691,0.832887431030073,True
hgb,mixed,high,0.4602352494782774,0.054327537086157784,0.8819570270905076,True
hgb,mixed,high,0.47020578245854383,0.09096927125557475,0.8065330656294191,True
hgb,mixed,high,0.46670282159051535,0.05217320935179437,0.8882089266698904,True
hgb,mixed,high,0.44812175099381363,0.05115289015812585,0.8858504635298722,True
hgb,mixed,high,0.5275067241229718,0.12826692434490994,0.7568430534072046,True
hgb,mixed,high,0.49584060053858714,0.08021690351533284,0.8382203808477958,True
hgb,mixed,high,0.429783898779532,0.053867883528900484,0.8746628627040928,True
hgb,mixed,high,0.5202460444402162,0.059844113437108604,0.884969594528103,True
hgb,mixed,high,0.4405541526955609,0.07642354671439311,0.8265285975701503,True
hgb,mixed,high,0.5280150425890336,0.055328133425483594,0.8952148538151653,True
hgb,mixed,high,0.4711591005391505,0.07464098989522716,0.8415800738862627,True
hgb,mixed,high,0.46585648148148145,0.10137792900407827,0.7823837747589475,True
hgb,mixed,high,0.41352144797471585,0.002956484132665249,0.9928504696741969,True
hgb,mixed,high,0.5117017878060035,0.09375052092883696,0.8167868020731253,True
hgb,mixed,high,0.4970670246260797,0.018466563075506426,0.9628489476054101,True
hgb,mixed,high,0.514218062915774,0.07822188449848022,0.8478818809768405,True
hgb,mixed,high,0.5612201666431296,0.06853271863386179,0.8778862152374496,True
hgb,mixed,high,0.4435480066053315,0.07482825262029369,0.8312961584632353,True
hgb,mixed,high,0.5114624505928853,0.05106805942097081,0.9001528668198948,True
hgb,mixed,high,0.44533213115677905,0.09016083591883306,0.7975424865826896,True
hgb,mixed,high,0.40608853512079324,0.07036013631758309,0.8267369545494455,True
hgb,mixed,high,0.4739269254747048,0.012389608952967368,0.9738575542198675,True
hgb,mixed,high,0.47980481003834086,0.09542386011509518,0.8011194174825593,True
hgb,mixed,high,0.43313545213038557,0.08115295279550816,0.8126383966116011,True
hgb,mixed,high,0.4714309623430962,0.06446155350517424,0.863264064827671,True
hgb,mixed,high,0.40890189434775914,0.031990874564143734,0.9217639365178963,True
hgb,mixed,high,0.4963217434557867,0.002914305929124561,0.9941281921101566,True
hgb,mixed,high,0.47198061845240474,0.08413729713800577,0.8217356945421048,True
hgb,mixed,high,0.44839856620022783,0.11051587301587296,0.753532055304291,True
hgb,mixed,high,0.4675185329691768,0.0568456511034513,0.8784098445415016,True
hgb,mixed,high,0.4299927827611094,0.046412159181645096,0.8920629344436457,True
hgb,mixed,high,0.45370272647317506,0.019652040745642974,0.9566852046528204,True
hgb,mixed,high,0.46623931623931625,0.052980346696142155,0.8863666257846263,True
hgb,mixed,high,0.4389688193930422,0.07191477587161033,0.836173384772417,True
hgb,mixed,high,0.5284164735652446,0.04578619490272218,0.9133520675579981,True
hgb,mixed,high,0.469258198869757,0.03453593143359457,0.9264031368726707,True
hgb,mixed,high,0.42821637050574735,0.07407082977668611,0.8270247592608281,True
hgb,mixed,high,0.45319101930352657,0.08827789258087515,0.805208204000727,True
hgb,mixed,high,0.5071373348223146,0.09626154192628189,0.8101864419822118,True
hgb,mixed,high,0.4002963873173534,0.061369773042399434,0.8466891658611305,True
hgb,mixed,high,0.4796626351739945,0.06793547820530299,0.8583682087710254,True
hgb,mixed,high,0.48602533235632783,0.038809447667778385,0.9201493315592748,True
hgb,mixed,high,0.40680326238313114,0.018259034389054518,0.9551158113086665,True
hgb,mixed,high,0.5051416631703542,0.01703755215577185,0.9662717344500129,True
hgb,mixed,high,0.4425123673669207,0.10611381594700298,0.7602014683150857,True
hgb,mixed,high,0.4892734605429483,0.05061248764952464,0.8965558287315241,True
hgb,mixed,high,0.4451013711473105,0.013111485532447897,0.970542697950691,True
hgb,mixed,high,0.4683775721609161,0.05167389636449482,0.8896746995675068,True
hgb,mixed,high,0.43369551642312976,0.0683923350797464,0.8423033384255229,True
hgb,mixed,high,0.38692348008385746,0.03156338197321806,0.9184247439147984,True
hgb,mixed,high,0.41832694996315667,0.018084950663759147,0.9567683825645181,True
hgb,mixed,high,0.4335912752285274,0.08233315495757199,0.810113441710335,True
hgb,mixed,high,0.4005337133595998,0.09803348354343733,0.7552428665213939,True
hgb,mixed,high,0.45872922584647535,0.04884294419978652,0.8935255452502323,True
hgb,mixed,high,0.4726558343224328,0.05797451525960584,0.8773430664561368,True
hgb,mixed,high,0.4184608788356355,0.034370466747423944,0.9178645639633995,True
hgb,mixed,high,0.47700426364716575,0.10657220603391393,0.7765801814452038,True
hgb,mixed,high,0.4209201388888889,0.0748847062352368,0.8220928406207614,True
hgb,mixed,high,0.502120150862069,0.07966751733783173,0.8413377411739921,True
hgb,mixed,high,0.5182133905791644,0.11378322835288268,0.7804317093664512,True
hgb,mixed,high,0.43043759029814804,0.05171165240289666,0.8798626012958628,True
hgb,mixed,high,0.4465165562913907,0.09417787097569996,0.7890831377946919,True
hgb,mixed,high,0.514930588557595,0.04375248634769091,0.9150322639207572,True
hgb,mixed,high,0.4140146614920224,0.054899676491410476,0.8673967818106646,True
hgb,mixed,high,0.5368748392004206,0.05009842790041841,0.9066850888839733,True
hgb,mixed,high,0.5158745175774504,0.03813559322033899,0.9260758344889297,True
hgb,mixed,high,0.47452359346642464,0.010503978779840772,0.9778641590756141,True
hgb,mixed,high,0.4794953657473172,0.05183287747635612,0.8919011920051156,True
hgb,mixed,high,0.47620715199676744,0.08736559139784938,0.8165386827318326,True
hgb,mixed,high,0.4894015034807084,0.06615986808877272,0.8648147428681108,True
hgb,mixed,high,0.4902186681124063,0.08038009539722402,0.8360321615112524,True
hgb,mixed,high,0.47050614995115925,0.026581582132247705,0.9435042833446343,True
hgb,mixed,high,0.47321403393998185,0.019751626256652943,0.9582606921181082,True
hgb,mixed,high,0.45443974720179225,0.05289168062330274,0.8836112357051014,True
hgb,outcome_mismatch,low,0.0056244984654642005,0.03181826987937375,,False
hgb,outcome_mismatch,low,0.03080555239503935,0.016313736416829205,0.47042870039700296,True
hgb,outcome_mismatch,low,0.04579980082362134,0.010816956309891212,0.7638208875285688,True
hgb,outcome_mismatch,low,0.052863042191353515,0.023330102100905026,0.5586689465117278,True
hgb,outcome_mismatch,low,0.03861629832781577,0.051052020605093174,-0.3220329968374988,True
hgb,outcome_mismatch,low,0.013521545848326655,0.039868159082745436,,False
hgb,outcome_mismatch,low,0.002860156900035715,0.01676753215765381,,False
hgb,outcome_mismatch,low,0.0051750558650023315,0.006663572588850641,,False
hgb,outcome_mismatch,low,0.03666219397608328,0.02253472054531791,0.3853417348667535,True
hgb,outcome_mismatch,low,0.03062670378122556,0.009545539206556208,0.6883262634221934,True
hgb,outcome_mismatch,low,0.033022708269154544,0.0036402819034305756,0.8897642836026611,True
hgb,outcome_mismatch,low,0.0017440227087810456,0.012781165740757494,,False
hgb,outcome_mismatch,low,0.01168727240030576,0.015265657243728303,,False
hgb,outcome_mismatch,low,0.012141421232330307,0.030703330303862963,,False
hgb,outcome_mismatch,low,0.022808005544966203,0.04601614238410601,-1.0175434582995315,True
hgb,outcome_mismatch,low,0.024767079922413004,0.005094480743991769,0.7943043443170904,True
hgb,outcome_mismatch,low,0.03782229524772496,0.023287799531018005,0.3842838098933516,True
hgb,outcome_mismatch,low,0.002238277115641285,0.006086232301877104,,False
hgb,outcome_mismatch,low,0.028325755124007923,0.03125,-0.10323625489205719,True
hgb,outcome_mismatch,low,0.005376815405744972,0.00062747078053349,,False
hgb,outcome_mismatch,low,0.016684223231724693,0.02045424241077387,,False
hgb,outcome_mismatch,low,0.01901934736140032,0.007543160690571038,,False
hgb,outcome_mismatch,low,0.026026604973973466,0.0414576613700679,-0.5928954779743822,True
hgb,outcome_mismatch,low,0.023330137424097175,0.00639733605835302,0.7257908968960742,True
hgb,outcome_mismatch,low,0.007638337092952363,0.05214258829210783,,False
hgb,outcome_mismatch,low,0.03155469015166401,0.05211081794195249,-0.6514444506185231,True
hgb,outcome_mismatch,low,0.03926745408226895,0.016852560872343325,0.5708262410637661,True
hgb,outcome_mismatch,low,0.014238030095759302,0.0015452647498808147,,False
hgb,outcome_mismatch,low,0.019226020970848245,0.02816451474749171,,False
hgb,outcome_mismatch,low,0.06648215294614057,0.038606318737726575,0.4192980066544648,True
hgb,outcome_mismatch,low,0.022901720365933076,0.029116138509379885,-0.27135158600097675,True
hgb,outcome_mismatch,low,0.03049664961401566,0.027340238839190123,0.10350024723289313,True
hgb,outcome_mismatch,low,0.06748083437332852,0.013806401440297433,0.7954026270049449,True
hgb,outcome_mismatch,low,0.05089695158208252,0.03158051099227566,0.37952058010104706,True
hgb,outcome_mismatch,low,0.039571111550546045,0.03949656895297726,0.0018837630445019528,True
hgb,outcome_mismatch,low,0.00260117559624351,0.016690819505832843,,False
hgb,outcome_mismatch,low,0.02550388273274573,0.0010170011896994957,0.9601236721342936,True
hgb,outcome_mismatch,low,0.019277121554221344,0.026042817679558072,,False
hgb,outcome_mismatch,low,0.03286094436536913,0.042397932816537476,-0.2902225920573059,True
hgb,outcome_mismatch,low,0.058709641108380395,0.06221515633280339,-0.059709362180424004,True
hgb,outcome_mismatch,low,0.00879560219890052,0.02943878212882034,,False
hgb,outcome_mismatch,low,0.001617371473181417,0.00590235396687,,False
hgb,outcome_mismatch,low,0.053727943927923794,0.032144839520684365,0.4017109688059761,True
hgb,outcome_mismatch,low,0.06178457263957704,0.03606910991821477,0.4162117114797334,True
hgb,outcome_mismatch,low,0.03270529619016638,0.0015586856413670747,0.9523414913503908,True
hgb,outcome_mismatch,low,0.02651161757519216,0.004380807617299531,0.8347589465307163,True
hgb,outcome_mismatch,low,0.056173347481791036,0.003971826970877834,0.9292933900340312,True
hgb,outcome_mismatch,low,0.0793942347340405,0.014491838252838729,0.8174698918456189,True
hgb,outcome_mismatch,low,0.006438497312651337,0.03657446808510634,,False
hgb,outcome_mismatch,low,0.01953416431625865,0.02564864949453849,,False
hgb,outcome_mismatch,low,0.056759758749317046,0.014715663451945415,0.7407377378586466,True
hgb,outcome_mismatch,low,0.017378662328824457,0.03659444408655255,,False
hgb,outcome_mismatch,low,0.006602509700938897,0.0009555487094871085,,False
hgb,outcome_mismatch,low,0.07617323264489118,0.03317349349607934,0.564499334684541,True
hgb,outcome_mismatch,low,0.044273357022361015,0.014046450121565801,0.6827335655963156,True
hgb,outcome_mismatch,low,0.0360949677884399,0.007067865230220294,0.8041869639101351,True
hgb,outcome_mismatch,low,0.014524430911990738,0.02462143594175803,,False
hgb,outcome_mismatch,low,0.06289826411777633,0.016769199012725444,0.7333917040806516,True
hgb,outcome_mismatch,low,0.00559596102245441,0.000797904371913738,,False
hgb,outcome_mismatch,low,0.01635781346433729,0.049302505358586046,,False
hgb,outcome_mismatch,low,0.0008381449059414736,0.01500773082542528,,False
hgb,outcome_mismatch,low,0.04025241675617608,0.0018377848566527577,0.9543434902856912,True
hgb,outcome_mismatch,low,0.0040322580645161255,0.011482578341334038,,False
hgb,outcome_mismatch,low,0.03408317894980606,0.035160580349659076,-0.03161094220230147,True
hgb,outcome_mismatch,low,0.046016591575484544,0.03390135174000575,0.2632798175763461,True
hgb,outcome_mismatch,low,0.03846403005862731,0.018531125110072377,0.5182219574540934,True
hgb,outcome_mismatch,low,0.019899698954186862,0.04054292002934701,,False
hgb,outcome_mismatch,low,0.05080487474258688,0.03186662445921706,0.37276443214011,True
hgb,outcome_mismatch,low,0.03489696611263815,0.020699838911759416,0.40682984174194897,True
hgb,outcome_mismatch,low,0.07670224681386317,0.040342161031816204,0.4740419908465477,True
hgb,outcome_mismatch,low,0.028011365991037596,0.007436570428696387,0.7345159664446296,True
hgb,outcome_mismatch,low,0.007650021908938487,0.043911736940338786,,False
hgb,outcome_mismatch,low,0.004797185068624921,0.043099479406452534,,False
hgb,outcome_mismatch,low,0.02649872595482705,0.0349367557094028,-0.3184315264424501,True
hgb,outcome_mismatch,low,0.0011913206380386177,0.018291817472145366,,False
hgb,outcome_mismatch,low,0.009606041402619336,0.009671762982941479,,False
hgb,outcome_mismatch,low,0.012495355476007108,0.014567879494911673,,False
hgb,outcome_mismatch,low,0.012661113183306427,0.030232311820364344,,False
hgb,outcome_mismatch,low,0.058871794871794836,0.017200892540908175,0.7078245604985108,True
hgb,outcome_mismatch,low,0.03707819487735475,0.03543318375363791,0.04436599810638363,True
hgb,outcome_mismatch,low,0.01119251119251119,0.013496079109727277,,False
hgb,outcome_mismatch,low,0.0019099517598714089,0.025754772517029623,,False
hgb,outcome_mismatch,low,0.023761713520749628,0.0195172555428198,0.17862592166273725,True
hgb,outcome_mismatch,low,0.01553623188405806,0.008245973224960679,,False
hgb,outcome_mismatch,low,0.018866783576223067,0.032345425919849013,,False
hgb,outcome_mismatch,low,0.04434274361635138,0.0047092198581560885,0.8937995380055923,True
hgb,outcome_mismatch,low,0.0016193525540767473,0.0004624902920669083,,False
hgb,outcome_mismatch,low,0.032786885245901565,0.0022028682096901786,0.9328125196044494,True
hgb,outcome_mismatch,low,0.0331359723214566,0.008983434925430744,0.7288917663776028,True
hgb,outcome_mismatch,low,0.017134817523939083,0.018583030169404324,,False
hgb,outcome_mismatch,low,0.03529785538379804,0.026723283027713096,0.24292049085851064,True
hgb,outcome_mismatch,low,0.027925633321640442,0.05849207757364594,-1.0945658384878458,True
hgb,outcome_mismatch,low,0.006405733864461083,0.0016652849108678147,,False
hgb,outcome_mismatch,low,0.04374525003799967,0.005319450347074706,0.8783993612459885,True
hgb,outcome_mismatch,low,0.04450614063784819,0.02365221894837033,0.4685627958435831,True
hgb,outcome_mismatch,low,0.033446515852761816,0.01516537353602887,0.5465783759722583,True
hgb,outcome_mismatch,low,0.018044919648734115,0.06724399494310995,,False
hgb,outcome_mismatch,low,0.002818795787545736,0.035932455966787624,,False
hgb,outcome_mismatch,low,0.053570114096429866,0.03936720105198366,0.2651275488956397,True
hgb,outcome_mismatch,low,0.02898473628961329,0.02093946684498249,0.277569178627091,True
hgb,outcome_mismatch,med,0.01305031446540883,0.0007740809547936989,,False
hgb,outcome_mismatch,med,0.04457830880452518,0.03717497985790674,0.16607469294274615,True
hgb,outcome_mismatch,med,0.04723631750634283,0.03198471635904232,0.3228787075802965,True
hgb,outcome_mismatch,med,0.06160423246771085,0.019603607206557405,0.6817814877113775,True
hgb,outcome_mismatch,med,0.06243188801321853,0.017417036567321853,0.7210233885024557,True
hgb,outcome_mismatch,med,0.08794564305243502,0.02912079847350657,0.6688773034936575,True
hgb,outcome_mismatch,med,0.06300352300214285,0.019354217265365348,0.6928073805538291,True
hgb,outcome_mismatch,med,0.08339862567432299,0.02319198596180383,0.7219140510495937,True
hgb,outcome_mismatch,med,0.02383594947412926,0.010147404400769111,0.5742815107162916,True
hgb,outcome_mismatch,med,0.09494494494494488,0.0004902825988900572,0.9948361379410525,True
hgb,outcome_mismatch,med,0.08954993749896756,0.05166604463038027,0.423047675148004,True
hgb,outcome_mismatch,med,0.021135031482333977,0.008609198719270017,0.5926573979099042,True
hgb,outcome_mismatch,med,0.015138916710446204,0.0024105445132228676,,False
hgb,outcome_mismatch,med,0.0504367816091954,0.008632717125915623,0.8288408409401414,True
hgb,outcome_mismatch,med,0.08726287262872634,0.05353535353535355,0.38650479954827804,True
hgb,outcome_mismatch,med,0.10207310819720161,0.03976749267951574,0.6104018640964047,True
hgb,outcome_mismatch,med,0.03987425848736914,0.007042837020465598,0.8233738434861042,True
hgb,outcome_mismatch,med,0.10387747615553922,0.030895691609977294,0.7025756424451809,True
hgb,outcome_mismatch,med,0.06182737450343079,0.006470961823442312,0.8953382401336929,True
hgb,outcome_mismatch,med,0.05963166966426858,0.0030588624338624415,0.948704061934135,True
hgb,outcome_mismatch,med,0.07278490172808061,0.026714259848426014,0.6329697613905058,True
hgb,outcome_mismatch,med,0.049612948627726916,0.04017009037160657,0.19033051889286554,True
hgb,outcome_mismatch,med,0.0681036962727467,0.02628479436657094,0.6140474628380865,True
hgb,outcome_mismatch,med,0.15132045489141932,0.013713829220663998,0.9093722707184272,True
hgb,outcome_mismatch,med,0.11350379074419614,0.013958303584178156,0.877023458928909,True
hgb,outcome_mismatch,med,0.0653615499942336,0.02514463101453368,0.6152993462249287,True
hgb,outcome_mismatch,med,0.08228050885100746,0.004621829446192938,0.9438283803693766,True
hgb,outcome_mismatch,med,0.07567559540934798,0.033946307687607646,0.5514233154825716,True
hgb,outcome_mismatch,med,0.03307083881268147,0.033200531208499307,-0.003921654257167048,True
hgb,outcome_mismatch,med,0.07219301505742604,0.039348655748383865,0.45495203771328957,True
hgb,outcome_mismatch,med,0.06081405990661881,0.021415143276542703,0.6478586808802754,True
hgb,outcome_mismatch,med,0.11413882518698382,0.006153356588570857,0.9460888389337253,True
hgb,outcome_mismatch,med,0.07096518857480527,0.004422114468478511,0.9376861450340951,True
hgb,outcome_mismatch,med,0.10188940455242945,0.011439420530329647,0.8877270842775096,True
hgb,outcome_mismatch,med,0.02929010835036805,0.05467568353694008,-0.8666944786584595,True
hgb,outcome_mismatch,med,0.06635099318026139,0.028635304357592095,0.5684268918206525,True
hgb,outcome_mismatch,med,0.10444750402338732,0.014783253727022716,0.8584623551778457,True
hgb,outcome_mismatch,med,0.07589365372033552,0.0052728859862098965,0.9305227021268441,True
hgb,outcome_mismatch,med,0.05896331419923517,0.025041993281075037,0.5752953574410873,True
hgb,outcome_mismatch,med,0.08046855105678641,0.024281014913263177,0.6982546026443531,True
hgb,outcome_mismatch,med,0.01519915377881531,0.013754362224912775,,False
hgb,outcome_mismatch,med,0.051581704614144686,0.0006099734079009211,0.9881746170960458,True
hgb,outcome_mismatch,med,0.03590604026845634,0.0013037809647978849,0.9636890908869373,True
hgb,outcome_mismatch,med,0.07603494903266073,0.012186937871869419,0.8397192603281087,True
hgb,outcome_mismatch,med,0.08591202689537503,0.01501413137455776,0.8252383057747875,True
hgb,outcome_mismatch,med,0.03979353286527054,0.028894037020814722,0.27390118593788537,True
hgb,outcome_mismatch,med,0.03492510047497255,0.011489812271062272,0.6710156273051838,True
hgb,outcome_mismatch,med,0.04621820788954345,0.024249746613031697,0.47532049120151987,True
hgb,outcome_mismatch,med,0.007350724116555352,0.02965894654549006,,False
hgb,outcome_mismatch,med,0.019361987962323468,0.021658962895607536,,False
hgb,outcome_mismatch,med,0.06782353384024686,0.01271226520323021,0.812568521817619,True
hgb,outcome_mismatch,med,0.0716988313680268,0.0010423508581546281,0.9854620941755063,True
hgb,outcome_mismatch,med,0.1111447078554405,0.030341124504548622,0.7270124229035577,True
hgb,outcome_mismatch,med,0.06700565014484638,0.011511749104756497,0.8281973373906305,True
hgb,outcome_mismatch,med,0.09964244754772988,0.021791702637632526,0.7813010100219181,True
hgb,outcome_mismatch,med,0.05561876513020225,0.01755364201016374,0.684393532127672,True
hgb,outcome_mismatch,med,0.07592243609877203,0.022643456194533007,0.7017554051469742,True
hgb,outcome_mismatch,med,0.06262228786631852,0.004801540943480287,0.9233253669407565,True
hgb,outcome_mismatch,med,0.05285844748858448,0.0018091888289443192,0.965772948035694,True
hgb,outcome_mismatch,med,0.08761506643406514,0.0010012919896641437,0.9885716917144877,True
hgb,outcome_mismatch,med,0.09332146360960714,0.002695353046641147,0.9711175442134443,True
hgb,outcome_mismatch,med,0.05681681572284658,0.026010638297872313,0.5422017589871164,True
hgb,outcome_mismatch,med,0.04181386842549817,0.0068988940542146215,0.8350094283549315,True
hgb,outcome_mismatch,med,0.07742975978270106,0.01382924947455244,0.8213961981367002,True
hgb,outcome_mismatch,med,0.04650024998214419,0.030181777013592592,0.35093301594760873,True
hgb,outcome_mismatch,med,0.1042938382725046,0.016016600995219843,0.8464281182808634,True
hgb,outcome_mismatch,med,0.043439716312056786,0.009567187198766147,0.7797594457100367,True
hgb,outcome_mismatch,med,0.07904409725432182,0.020874107645940554,0.7359181979297101,True
hgb,outcome_mismatch,med,0.05164082412914184,0.012013423991889649,0.7673657577220915,True
hgb,outcome_mismatch,med,0.07972183027615398,0.00690211400765306,0.9134225345335858,True
hgb,outcome_mismatch,med,0.017048010973936822,0.02161727161727167,,False
hgb,outcome_mismatch,med,0.09568404622858251,0.044955126698526304,0.5301711364595552,True
hgb,outcome_mismatch,med,0.08763802681339006,0.0367181799370514,0.581024570358751,True
hgb,outcome_mismatch,med,0.045973428497721236,0.012682974005429726,0.7241238163027501,True
hgb,outcome_mismatch,med,0.009612532443455724,0.02326646756702,,False
hgb,outcome_mismatch,med,0.10150196009050871,0.007012957372423245,0.930908158165913,True
hgb,outcome_mismatch,med,0.11731768821074928,0.01954784618624672,0.8333768207984886,True
hgb,outcome_mismatch,med,0.03496738242567332,0.00838053852719789,0.7603326887561125,True
hgb,outcome_mismatch,med,0.06698064796536096,0.027176788497935145,0.5942590983594304,True
hgb,outcome_mismatch,med,0.06868027210884353,0.018334606569900713,0.7330440604422143,True
hgb,outcome_mismatch,med,0.10135467661304942,0.002424688857173507,0.9760771881653725,True
hgb,outcome_mismatch,med,0.04936430144186377,0.03487061271977043,0.29360668132136986,True
hgb,outcome_mismatch,med,0.07671931735993054,0.014735218472367695,0.8079333995734469,True
hgb,outcome_mismatch,med,0.041397861894081234,0.004645424310696256,0.8877858880107906,True
hgb,outcome_mismatch,med,0.09286918497444818,0.007906558849955059,0.9148634840272319,True
hgb,outcome_mismatch,med,0.06672330914546398,0.0639580834097806,0.04144317437336473,True
hgb,outcome_mismatch,med,0.07165867462668929,0.024771812562886297,0.6543082509977092,True
hgb,outcome_mismatch,med,0.040285574267129975,0.0030017409010295593,0.9254884420630252,True
hgb,outcome_mismatch,med,0.042943160095365585,0.009460603848729487,0.7796947446876301,True
hgb,outcome_mismatch,med,0.05428179218716933,0.003923430278828799,0.9277210622431109,True
hgb,outcome_mismatch,med,0.0225529658643685,0.04404016866602989,-0.9527439952192311,True
hgb,outcome_mismatch,med,0.03997473224796855,0.02251655629139071,0.4367302787241316,True
hgb,outcome_mismatch,med,0.11799289422925852,0.025078823291197816,0.7874548000960971,True
hgb,outcome_mismatch,med,0.06877586032899385,0.001398277856316632,0.9796690604868064,True
hgb,outcome_mismatch,med,0.14078367802012004,0.013788378366805132,0.9020598228380241,True
hgb,outcome_mismatch,med,0.06980649579623766,0.010715660692133255,0.8464947914960259,True
hgb,outcome_mismatch,med,0.09214131486858756,0.02300326461574831,0.7503479883203784,True
hgb,outcome_mismatch,med,0.052513249344409596,0.015151515151515138,0.7114725266352591,True
hgb,outcome_mismatch,med,0.059851025674983904,0.02126031667316075,0.644779409652674,True
hgb,outcome_mismatch,med,0.024062289216692623,0.003909504582452095,0.8375256590407877,True
hgb,outcome_mismatch,high,0.11019755799568154,0.05179828405043252,0.5299507085949907,True
hgb,outcome_mismatch,high,0.12684947721444073,0.02010972692022106,0.8414677981981329,True
hgb,outcome_mismatch,high,0.11219099375346286,0.029924063817359126,0.7332757040808768,True
hgb,outcome_mismatch,high,0.05491677919584648,0.03706098827002735,0.32514271935251465,True
hgb,outcome_mismatch,high,0.12783703584890527,0.02707454862185177,0.7882104474492662,True
hgb,outcome_mismatch,high,0.11076608460737414,0.007866499442586328,0.9289809740005686,True
hgb,outcome_mismatch,high,0.09351475942770449,0.007632302100877619,0.9183839840086624,True
hgb,outcome_mismatch,high,0.13055141579731744,0.03957746627059977,0.6968438371281684,True
hgb,outcome_mismatch,high,0.11340762109470748,0.011075851679899218,0.902335913821438,True
hgb,outcome_mismatch,high,0.10488194609137169,0.02981090100111239,0.715767087548685,True
hgb,outcome_mismatch,high,0.12783592427274126,0.005306617260230073,0.9584888419243697,True
hgb,outcome_mismatch,high,0.1409713786086243,0.015088322521334074,0.8929688943227019,True
hgb,outcome_mismatch,high,0.10375634479552676,0.03330189645611015,0.6790374938348263,True
hgb,outcome_mismatch,high,0.09663442911215092,0.1156449573357986,-0.19672624341356282,True
hgb,outcome_mismatch,high,0.1612078421678742,0.0064717779003493625,0.9598544474430099,True
hgb,outcome_mismatch,high,0.09969040722178801,0.0206241519674355,0.7931179885588033,True
hgb,outcome_mismatch,high,0.07285028899255985,0.019136292177355907,0.7373202983544749,True
hgb,outcome_mismatch,high,0.12273346888731496,0.011569191434963155,0.9057372732975946,True
hgb,outcome_mismatch,high,0.12921461853702343,0.01894476291553493,0.8533852970350506,True
hgb,outcome_mismatch,high,0.16084571350688293,0.019301182132022254,0.8800018868317786,True
hgb,outcome_mismatch,high,0.10159011780416838,0.02038646141423761,0.799326333556027,True
hgb,outcome_mismatch,high,0.1130400212032866,0.030316621933891175,0.7318062964675937,True
hgb,outcome_mismatch,high,0.12689727399672146,0.008289728967017518,0.9346737033355682,True
hgb,outcome_mismatch,high,0.2035305041883989,0.09024395379195149,0.5566072311774122,True
hgb,outcome_mismatch,high,0.08794401386079254,0.0541247481279844,0.38455449379807694,True
hgb,outcome_mismatch,high,0.09967885375494068,0.01660609449259154,0.8334040383989825,True
hgb,outcome_mismatch,high,0.11898392625532705,0.0029490849162979726,0.9752144259387646,True
hgb,outcome_mismatch,high,0.0729584875092899,0.0051203277009729264,0.9298186149990987,True
hgb,outcome_mismatch,high,0.12439316377417242,0.0180046296136106,0.8552602967290324,True
hgb,outcome_mismatch,high,0.04789569029649443,0.03362093073839689,0.2980384971952755,True
hgb,outcome_mismatch,high,0.05005558098476426,0.022542287962885377,0.5496548532770658,True
hgb,outcome_mismatch,high,0.10795507430734386,0.011325639482944072,0.8950893271519557,True
hgb,outcome_mismatch,high,0.16137744378221186,0.008197550325739766,0.9492026262554832,True
hgb,outcome_mismatch,high,0.08309658416978383,0.03354304968993671,0.5963366000532442,True
hgb,outcome_mismatch,high,0.10674314547204311,0.008121422152848168,0.9239162185362503,True
hgb,outcome_mismatch,high,0.12150402330552967,0.03478039557882495,0.7137510789139269,True
hgb,outcome_mismatch,high,0.11663914120561514,0.005333333333333301,0.9542749262536876,True
hgb,outcome_mismatch,high,0.05755029284441049,0.0045746516449897134,0.9205103672129442,True
hgb,outcome_mismatch,high,0.041421207658321135,0.015658128104247382,0.6219779917232372,True
hgb,outcome_mismatch,high,0.1420988484013167,0.013126079447322914,0.9076271229851762,True
hgb,outcome_mismatch,high,0.08613179931094561,0.015172101449275277,0.8238501741441362,True
hgb,outcome_mismatch,high,0.12737625265715158,0.03262754347685337,0.7438490864959396,True
hgb,outcome_mismatch,high,0.17313859626478145,0.00809909730449454,0.9532218842059423,True
hgb,outcome_mismatch,high,0.1409910084489574,0.053818760897688334,0.6182823182148371,True
hgb,outcome_mismatch,high,0.20283126703596233,0.025423653836285642,0.8746561405062959,True
hgb,outcome_mismatch,high,0.14260597846547707,0.030413542701535956,0.7867302407037678,True
hgb,outcome_mismatch,high,0.1311793093047806,0.0003594842182955693,0.9972595966528506,True
hgb,outcome_mismatch,high,0.07761007761007765,0.028916275394828883,0.6274159711563784,True
hgb,outcome_mismatch,high,0.1149079153605016,0.027373867868775825,0.7617756115155727,True
hgb,outcome_mismatch,high,0.07508477979772954,0.007040036931341254,0.9062388282910815,True
hgb,outcome_mismatch,high,0.13580547732514314,0.0017419664401994162,0.9871730767086159,True
hgb,outcome_mismatch,high,0.15405312149866046,0.051655629139072845,0.6646895003713248,True
hgb,outcome_mismatch,high,0.1338674579624134,0.017481984629786895,0.8694082572726869,True
hgb,outcome_mismatch,high,0.08525773824031191,0.020193703322513468,0.7631452142725809,True
hgb,outcome_mismatch,high,0.07646778191070547,0.06364597648767767,0.16767591661021816,True
hgb,outcome_mismatch,high,0.1549642769154964,0.02511366865586817,0.8379389808041829,True
hgb,outcome_mismatch,high,0.126878741969357,0.0016827533655067173,0.9867373104478516,True
hgb,outcome_mismatch,high,0.09590197653235133,0.043407350986138016,0.5473779315539437,True
hgb,outcome_mismatch,high,0.1427815607700974,0.026812535952446814,0.8122128949436296,True
hgb,outcome_mismatch,high,0.11883317858248221,0.007181265034668205,0.9395685184867484,True
hgb,outcome_mismatch,high,0.07995925642984458,0.0003102667785661595,0.9961196890464035,True
hgb,outcome_mismatch,high,0.13511714667709784,0.013771849911746292,0.8980747429143232,True
hgb,outcome_mismatch,high,0.06374535245466273,0.01962627635879788,0.6921143957474144,True
hgb,outcome_mismatch,high,0.10544858727509099,0.015338208019783028,0.8545432573717732,True
hgb,outcome_mismatch,high,0.1181527266013831,0.0080039897883738,0.9322572570383653,True
hgb,outcome_mismatch,high,0.10482465937011398,0.01517842301871275,0.855201790209297,True
hgb,outcome_mismatch,high,0.08921702829959721,0.024966711051930712,0.7201575581727437,True
hgb,outcome_mismatch,high,0.11273255046839958,0.02583120574557185,0.77086293498866,True
hgb,outcome_mismatch,high,0.13270933618589165,0.010991400612829882,0.9171768849974974,True
hgb,outcome_mismatch,high,0.12313067784765908,0.004061896923600816,0.9670114954729128,True
hgb,outcome_mismatch,high,0.10118471953578334,0.0059735904422552055,0.940963512379528,True
hgb,outcome_mismatch,high,0.11912797906047667,0.036659378241246876,0.6922689486519676,True
hgb,outcome_mismatch,high,0.14585371338618092,0.018617558750505192,0.8723545783081232,True
hgb,outcome_mismatch,high,0.09461053269102804,0.0040985170126607295,0.9566801190513813,True
hgb,outcome_mismatch,high,0.08923794564234377,0.032010973154960154,0.641285185079711,True
hgb,outcome_mismatch,high,0.07642890559923321,0.03423974325613666,0.5520053180444837,True
hgb,outcome_mismatch,high,0.1334002733596512,0.03129298486932597,0.7654203842224586,True
hgb,outcome_mismatch,high,0.09489265536723168,0.02245231131869574,0.7633925277798795,True
hgb,outcome_mismatch,high,0.06184366363995264,0.012781604652475909,0.7933239413678809,True
hgb,outcome_mismatch,high,0.10187387607171705,0.007424418787554621,0.9271214655430604,True
hgb,outcome_mismatch,high,0.11436828231433294,0.0353301755363612,0.6910841465708231,True
hgb,outcome_mismatch,high,0.07818562885765379,0.00518909531947731,0.9336310854655313,True
hgb,outcome_mismatch,high,0.11680218608371096,0.005091727815570324,0.9564072558374795,True
hgb,outcome_mismatch,high,0.07407863347341048,0.033940917661847814,0.5418258130526875,True
hgb,outcome_mismatch,high,0.14690950859851748,0.038984914456612674,0.7346331437051306,True
hgb,outcome_mismatch,high,0.17693796856196797,0.03843027071441385,0.7828037078375598,True
hgb,outcome_mismatch,high,0.12250055377384839,0.008577925473359782,0.9299764351335446,True
hgb,outcome_mismatch,high,0.13341943175044702,0.06037896002617171,0.547450028575246,True
hgb,outcome_mismatch,high,0.07928555787228786,0.017934782608695632,0.7737950884121324,True
hgb,outcome_mismatch,high,0.18948422926169795,0.020182798386233047,0.8934856031825296,True
hgb,outcome_mismatch,high,0.0873042196425281,0.02053449446178346,0.7647937918022397,True
hgb,outcome_mismatch,high,0.11695059477961556,0.028985426653172164,0.7521566546301626,True
hgb,outcome_mismatch,high,0.08883949858331264,0.02014699117256069,0.7732203412464437,True
hgb,outcome_mismatch,high,0.12243109572327304,0.03220739766086911,0.736934497967196,True
hgb,outcome_mismatch,high,0.14117052137476327,0.004897057821848905,0.9653110452935938,True
hgb,outcome_mismatch,high,0.105722460658083,0.021923488310714223,0.7926316870204433,True
hgb,outcome_mismatch,high,0.11489898989898983,0.026169990357682416,0.772234809194676,True
hgb,outcome_mismatch,high,0.11251376412910519,0.0037134659958165672,0.966995451404901,True
hgb,outcome_mismatch,high,0.12813217511097508,0.0010766580534021797,0.9915972857522345,True
hgb,outcome_mismatch,high,0.11434700545014886,0.06252670349907918,0.4531846002181618,True
hgb,null,na,0.007686041897282725,0.03712831652011661,,False
hgb,null,na,0.00875400821380834,0.001064796779638999,,False
hgb,null,na,0.02046222823186128,0.030937978151798773,-0.5119554821319966,True
hgb,null,na,0.034333704711805635,0.009703914334943664,0.7173647756221607,True
hgb,null,na,0.0030662638615025495,0.010568552676329501,,False
hgb,null,na,0.008415353909147716,0.049892480487992885,,False
hgb,null,na,0.014666666666666717,0.01773412151651188,,False
hgb,null,na,0.024496097775407732,0.013931732530892416,0.43126727127620945,True
hgb,null,na,0.010157591269716382,0.019130845536136087,,False
hgb,null,na,0.0228517349936177,0.025785888667161583,-0.1283996017966849,True
hgb,null,na,0.03679432634138069,0.0012471867635680534,0.966103829378569,True
hgb,null,na,0.002474118234720324,0.010388791278100662,,False
hgb,null,na,0.0460387078808131,0.03538208755709027,0.23147088209580358,True
hgb,null,na,0.012324022127262135,0.0014635748350801947,,False
hgb,null,na,0.018740867238252856,0.07354949766610108,,False
hgb,null,na,0.014259434458109954,0.0064680854046627045,,False
hgb,null,na,0.0555728587319243,0.03200000000000003,0.4241793434747787,True
hgb,null,na,0.012086912790978066,0.023995081111710004,,False
hgb,null,na,0.007243227582210632,0.009898569352855713,,False
hgb,null,na,0.0035507190385745124,0.0016963772282920786,,False
hgb,null,na,0.008036018113760646,0.006361423073902417,,False
hgb,null,na,0.000919263945001525,0.012032085561497263,,False
hgb,null,na,0.02410596026490064,0.011244064160961464,0.5335566790370377,True
hgb,null,na,0.012023077570959328,0.014957084861000003,,False
hgb,null,na,0.013739192649762089,0.005614853953593735,,False
hgb,null,na,0.0074532918554094385,0.005042842329312847,,False
hgb,null,na,0.033760721162261476,0.005239873181987487,0.8447938017436446,True
hgb,null,na,0.01114640567765568,0.05748663101604279,,False
hgb,null,na,0.002477138079805097,0.027614379084967333,,False
hgb,null,na,0.04159272404614023,0.059729609929078054,-0.4360591016548461,True
hgb,null,na,0.006498278466542384,0.024048140527864414,,False
hgb,null,na,0.034790458474668995,0.009306609279252975,0.732495353976748,True
hgb,null,na,0.018572132884371317,0.006589065995525667,,False
hgb,null,na,0.012304083058800042,0.025157535406472475,,False
hgb,null,na,0.006521426517112405,0.012337825696316251,,False
hgb,null,na,0.024046602993971433,0.03635855559350443,-0.5120038203574802,True
hgb,null,na,0.022804730208833668,0.04346327047565435,-0.9058883870863933,True
hgb,null,na,0.04286571166466735,0.015405784446032023,0.6406035535686568,True
hgb,null,na,0.02391740496777517,0.03504200635867927,-0.46512576953447493,True
hgb,null,na,0.060656702447747235,0.040490982526014685,0.3324565811849783,True
hgb,null,na,0.014480011190172948,0.007354076625554318,,False
hgb,null,na,0.023673648908681066,0.011275125513129924,0.5237267581088708,True
hgb,null,na,0.006890550773717141,0.018042719917269356,,False
hgb,null,na,0.017598343685300222,0.02482016019080635,,False
hgb,null,na,0.023118318492241663,0.012981107114804269,0.43849259109564426,True
hgb,null,na,0.0252965078163071,0.024937887436967565,0.014176675371307791,True
hgb,null,na,0.024296461409863523,0.03165897044791299,-0.30302803827476477,True
hgb,null,na,0.02823759562763506,0.07151277434842251,-1.5325376597728344,True
hgb,null,na,0.008715737437735127,0.05710679066957258,,False
hgb,null,na,0.03322955626597579,0.026031305098522473,0.21662194673432061,True
hgb,null,na,0.0288759894459103,0.0067765567765567525,0.7653220926247251,True
hgb,null,na,0.02784848084591407,0.015213122947308255,0.4537180311025718,True
hgb,null,na,0.06011484788306398,0.02967398488462314,0.5063784417728998,True
hgb,null,na,0.0018517414435867963,0.03543922351869366,,False
hgb,null,na,0.016416470538345718,0.008265787425012605,,False
hgb,null,na,0.0101032779524024,0.017112437692772597,,False
hgb,null,na,0.012510807189179962,0.005193655943997011,,False
hgb,null,na,0.010999514452672665,0.012914590106571255,,False
hgb,null,na,0.03492694180979239,0.04789079587634737,-0.3711706034027959,True
hgb,null,na,0.023192396143215777,0.04237824161922832,-0.8272472304085221,True
hgb,null,na,0.02606682967751406,0.04606230887055118,-0.7670851975637742,True
hgb,null,na,0.02224557968093077,0.00710862576751059,0.6804477172782238,True
hgb,null,na,0.0004021958482098853,0.03223814229249011,,False
hgb,null,na,0.030085243606729484,0.0008290866467017821,0.9724420829846186,True
hgb,null,na,0.025505395956832322,0.008887458887458899,0.6515459355149454,True
hgb,null,na,0.01905772095895719,0.009968602825745743,,False
hgb,null,na,0.018354833572224893,0.008593210097655013,,False
hgb,null,na,0.0228368228440764,0.011778115501519748,0.4842489438247382,True
hgb,null,na,0.00480784122078548,0.04545423258663228,,False
hgb,null,na,0.01850242463192331,0.0037753640138002975,,False
hgb,null,na,0.01594648517144659,0.014456411921114354,,False
hgb,null,na,0.004859681371458646,0.022874881545236758,,False
hgb,null,na,0.06200242113508503,0.0010809559425863924,0.9825659075436537,True
hgb,null,na,0.012131575758391744,0.004977116704805495,,False
hgb,null,na,0.004314838410749422,0.00919420591551734,,False
hgb,null,na,0.010605160995661111,0.034688682641405344,,False
hgb,null,na,0.0075930538259305624,0.04786343973682616,,False
hgb,null,na,0.002058275255217179,0.00793787748058672,,False
hgb,null,na,0.011755828269589763,0.006469440832249651,,False
hgb,null,na,0.016023349586056,0.014332946117415868,,False
hgb,null,na,0.011482319611670566,0.019533316048742533,,False
hgb,null,na,0.02255356807637643,0.016101087292746508,0.2860957858986634,True
hgb,null,na,0.0012593655348317467,0.022123705640960223,,False
hgb,null,na,0.04953257429704272,0.014400656814449908,0.7092689605008137,True
hgb,null,na,0.05465280478071344,0.00044995909462774986,0.9917669532893482,True
hgb,null,na,0.006824793018572417,0.005507921084571099,,False
hgb,null,na,0.03198919724343452,0.012222946544980462,0.6179039301310036,True
hgb,null,na,0.00020014607151885855,0.01874219221537554,,False
hgb,null,na,0.058870250349472686,0.027652744461690415,0.5302764248914374,True
hgb,null,na,0.0157989625506072,0.03779911733266539,,False
hgb,null,na,0.005456351786448099,0.05474888253421806,,False
hgb,null,na,0.0007098792124304865,0.026193839456880585,,False
hgb,null,na,0.04789671046392008,0.013750971655043354,0.7129036311292867,True
hgb,null,na,0.02031957390146477,0.011195435133272147,0.44903199311354136,True
hgb,null,na,0.03600873818178607,0.0177843803056027,0.5061093166936245,True
hgb,null,na,0.015894836017766645,0.025539746914387762,,False
hgb,null,na,0.024881053133156472,0.01743663970382958,0.2992000937213735,True
hgb,null,na,0.006265941524905672,0.030792067033218018,,False
hgb,null,na,0.021891498189378078,0.026347179405802224,-0.20353477765108266,True
hgb,null,na,0.048923974255832725,0.006087716095126594,0.8755678338130755,True
