feature,mean_abs_lime,lime_rank
ap_hi,0.30660768947983447,1
cholesterol,0.18172618959729828,2
age,0.09098316076347024,3
ap_lo,0.06398755072582393,4
alco,0.0558700587672798,5
smoke,0.04173330174210215,6
bmi,0.025887048948149777,7
weight,0.02274875191575803,8
gender,0.017585749206443166,9
gluc,0.01719197272830764,10
height,0.01673247395589429,11
active,0.0,12
