{
  "dataset": "BRFSS_2020_independent",
  "AUC_ROC": 0.8403,
  "AUPRC": 0.3527,
  "Brier": 0.0663,
  "ECE_pre_calibration": 0.2671,
  "ECE_post_calibration": 0.012,
  "Sensitivity_pt012": 0.7313,
  "Specificity_pt012": 0.7839,
  "n_test": 63959,
  "meta_coefs": [
    [
      -0.42652404290923407,
      3.5098380815722354,
      0.8050221816033384,
      1.4538517721067588
    ]
  ]
}